,Round,Result,FSP.1,FSW.1,SSP.1,SSW.1,ACE.1,DBF.1,WNR.1,UFE.1,BPC.1,BPW.1,NPA.1,NPW.1,FSP.2,FSW.2,SSP.2,SSW.2,ACE.2,DBF.2,WNR.2,UFE.2,BPC.2,BPW.2,NPA.2,NPW.2,slam_code,Sex
75,2,0,55,55,45,36,14.0,5.0,48.0,46.0,3.0,7.0,14.0,21.0,60,59,40,33,19.0,3.0,48.0,41.0,4.0,11.0,29.0,42.0,1,2
35,1,0,68,23,32,6,1.0,4.0,15.0,31.0,1.0,3.0,7.0,11.0,67,27,33,8,4.0,1.0,18.0,16.0,5.0,8.0,9.0,16.0,1,1
57,1,0,70,73,30,28,6.0,2.0,52.0,60.0,12.0,8.0,35.0,21.0,69,69,31,22,9.0,2.0,50.0,59.0,25.0,9.0,52.0,35.0,3,2
52,1,0,65,39,35,17,4.0,2.0,35.0,29.0,3.0,10.0,17.0,22.0,57,48,43,27,5.0,1.0,36.0,30.5,4.0,10.0,18.0,22.0,4,2
105,1,0,61,63,39,26,10.0,3.0,35.0,29.0,7.0,16.0,39.0,55.0,59,66,41,28,10.0,3.0,36.0,30.5,6.0,12.0,25.0,43.0,4,2
102,3,0,52,30,48,19,0.0,2.0,25.0,38.0,3.0,7.0,18.0,25.0,57,27,43,20,2.0,1.0,30.0,28.0,4.0,9.0,17.0,22.0,2,1
2,1,0,63,16,37,4,3.0,6.0,3.0,6.0,0.0,2.0,9.0,9.5,60,26,40,7,5.0,0.0,5.0,0.0,5.0,14.0,9.0,9.0,1,1
118,1,1,58,55,42,27,14.0,6.0,35.0,29.0,6.0,11.0,11.0,15.0,58,51,42,19,3.0,3.0,36.0,30.5,3.0,6.0,29.0,42.0,4,2
13,1,1,67,28,33,9,3.0,4.0,23.0,16.0,9.0,4.0,18.0,13.0,62,18,38,11,2.0,2.0,10.0,14.0,1.0,0.0,10.0,6.0,3,1
54,1,1,65,48,35,13,6.0,4.0,27.0,41.0,5.0,9.0,12.0,15.0,61,32,39,21,2.0,2.0,16.0,33.0,1.0,4.0,14.0,23.0,2,2
122,6,1,60,35,40,23,3.0,1.0,24.0,21.0,6.0,17.0,17.0,22.0,58,37,42,17,6.0,3.0,31.0,56.0,2.0,5.0,7.0,16.0,2,2
73,2,1,60,74,40,30,22.0,10.0,76.0,73.0,5.0,14.0,24.0,38.0,71,81,29,22,15.0,2.0,43.0,36.0,4.0,12.0,19.0,24.0,1,2
92,2,0,70,37,30,8,7.0,3.0,17.0,49.0,1.0,5.0,4.0,7.0,64,43,36,15,5.0,3.0,30.0,27.0,6.0,12.0,10.0,14.0,1,2
54,1,1,46,38,54,29,8.0,7.0,35.0,29.0,10.0,19.0,14.0,27.0,49,32,51,28,14.0,10.0,36.0,30.5,7.0,12.0,12.0,25.0,4,2
33,1,1,60,44,40,19,5.0,3.0,35.0,29.0,5.0,9.0,17.0,22.0,52,33,48,19,9.0,4.0,36.0,30.5,2.0,7.0,18.0,22.0,4,2
107,5,0,59,63,41,29,11.0,9.0,45.0,45.0,7.0,3.0,45.0,26.0,69,72,31,23,14.0,3.0,36.0,27.0,11.0,5.0,31.0,22.0,3,2
10,1,0,73,19,27,6,1.0,0.0,7.0,10.0,8.0,0.0,4.0,2.0,64,28,36,14,6.0,1.0,33.0,25.0,4.0,3.0,7.0,5.0,3,1
94,2,0,58,48,42,23,5.0,9.0,34.0,37.0,1.0,1.0,16.0,29.0,62,47,38,23,13.0,3.0,39.0,30.0,4.0,11.0,20.0,26.0,1,2
58,1,1,60,31,40,15,2.0,5.0,21.0,23.0,9.0,4.0,7.0,6.0,74,25,26,3,4.0,5.0,21.0,40.0,10.0,1.0,10.0,8.0,4,1
18,1,0,50,39,50,26,10.0,3.0,28.0,38.0,1.0,3.0,17.0,31.0,58,42,42,23,7.0,4.0,37.0,31.0,5.0,16.0,12.0,12.0,1,2
37,1,0,59,24,41,11,4.0,3.0,13.0,26.0,0.0,0.0,1.0,2.0,58,26,42,15,5.0,1.0,21.0,18.0,2.0,6.0,9.0,10.0,2,1
21,1,1,54,23,46,19,1.0,4.0,18.0,17.0,13.0,2.0,21.0,14.0,58,28,42,16,4.0,6.0,18.0,27.0,1.0,0.0,10.0,7.0,3,1
41,1,0,58,63,42,20,19.0,5.0,53.0,44.0,17.0,4.0,47.0,32.0,61,63,39,35,5.0,3.0,44.0,31.0,15.0,7.0,47.0,31.0,3,2
12,1,0,63,20,37,9,2.0,4.0,14.0,19.0,0.0,0.0,7.0,5.0,82,30,18,7,2.0,0.0,19.0,8.0,7.0,3.0,11.0,9.0,3,1
110,3,0,63,26,37,11,1.0,5.0,29.0,37.0,4.0,13.0,9.0,22.0,62,32,38,18,4.0,2.0,34.0,25.0,6.0,12.0,8.0,16.0,2,1
68,2,1,68,54,32,24,7.0,0.0,53.0,10.0,14.0,5.0,19.0,15.0,77,68,23,11,10.0,3.0,35.0,21.0,3.0,1.0,70.0,33.0,3,2
74,1,1,64,39,36,12,9.0,3.0,35.0,29.0,7.0,11.0,9.0,15.0,65,34,35,10,4.0,3.0,36.0,30.5,2.0,10.0,23.0,43.0,4,2
94,1,1,58,39,42,18,9.0,2.0,35.0,29.0,7.0,12.0,14.0,21.0,57,29,43,13,11.0,9.0,36.0,30.5,3.0,9.0,12.0,22.0,4,2
80,2,0,64,11,36,5,2.0,2.0,14.0,26.0,1.0,5.0,4.0,11.0,87,28,13,3,2.0,0.0,22.0,7.0,6.0,10.0,9.0,11.0,2,1
124,6,0,72,28,28,8,3.0,0.0,15.0,22.0,5.0,10.0,8.0,10.0,62,41,38,10,12.0,11.0,42.0,39.0,6.0,10.0,2.0,6.0,2,1
24,1,0,69,15,31,4,0.0,1.0,6.0,24.0,0.0,2.0,5.0,8.0,51,19,49,12,2.0,4.0,24.0,14.0,5.0,11.0,3.0,5.0,2,1
53,1,0,60,46,40,17,8.0,11.0,8.0,11.0,5.0,24.0,9.0,9.5,66,54,34,23,5.0,5.0,5.0,5.0,6.0,14.0,9.0,9.0,1,1
57,1,1,69,24,31,4,2.0,7.0,17.0,26.0,10.0,7.0,4.0,3.0,56,19,44,15,2.0,7.0,19.0,48.0,5.0,4.0,9.0,6.0,3,1
121,7,0,65,22,35,9,6.0,5.0,21.0,25.0,8.0,2.0,18.0,11.0,67,31,33,7,2.0,6.0,15.0,14.0,13.0,5.0,11.0,9.0,3,1
82,2,1,66,52,34,18,19.0,6.0,50.0,33.0,3.0,6.0,13.0,25.0,62,46,38,16,4.0,3.0,25.0,26.0,0.0,8.0,17.0,24.0,2,2
22,1,0,53,43,47,22,6.0,3.0,29.0,36.0,12.0,4.0,31.0,17.0,47,42,53,26,6.0,9.0,29.0,47.0,14.0,8.0,34.0,20.0,3,2
116,1,1,59,55,41,29,9.0,6.0,35.0,29.0,10.0,14.0,26.0,37.0,52,48,48,37,8.0,9.0,36.0,30.5,8.0,12.0,39.0,67.0,4,2
70,1,0,54,21,46,14,1.0,5.0,11.0,29.0,7.0,3.0,12.0,6.0,43,22,57,22,5.0,6.0,30.0,30.0,12.0,5.0,12.0,8.0,4,1
17,1,0,55,56,45,26,11.0,9.0,35.0,29.0,6.0,12.0,17.0,22.0,57,57,43,28,7.0,6.0,36.0,30.5,8.0,14.0,18.0,22.0,4,2
79,2,1,63,44,37,18,3.0,6.0,25.0,33.0,4.0,5.0,11.0,20.0,58,38,42,13,4.0,8.0,37.0,39.0,3.0,7.0,7.0,8.0,1,1
13,1,0,58,65,42,34,19.0,4.0,35.0,29.0,3.0,15.0,17.0,22.0,64,68,36,34,14.0,3.0,36.0,30.5,3.0,4.0,18.0,22.0,4,2
24,1,1,67,49,33,19,4.0,4.0,35.0,29.0,3.0,9.0,17.0,22.0,56,45,44,22,14.0,4.0,36.0,30.5,1.0,2.0,18.0,22.0,4,2
63,1,0,59,58,41,20,10.0,6.0,35.0,29.0,1.0,6.0,16.0,27.0,53,50,47,35,20.0,6.0,36.0,30.5,4.0,15.0,21.0,27.0,4,2
14,1,0,57,31,43,11,3.0,5.0,9.0,34.0,2.0,2.0,13.0,6.0,59,19,41,11,0.0,4.0,14.0,34.0,12.0,5.0,10.0,3.0,3,1
111,3,1,67,22,33,10,3.0,2.0,13.0,16.0,5.0,6.0,3.0,4.0,56,13,44,6,0.0,6.0,3.0,19.0,0.0,3.0,3.0,7.0,2,1
92,2,0,60,36,40,11,4.0,4.0,40.0,37.0,2.0,3.0,20.0,35.0,56,35,44,18,1.0,1.0,19.0,15.0,4.0,5.0,20.0,26.0,2,1
115,5,0,72,50,28,11,2.0,2.0,41.0,28.0,3.0,2.0,39.0,25.0,62,42,38,17,7.0,2.0,23.0,5.0,8.0,3.0,20.0,16.0,3,1
32,1,0,52,36,48,19,13.0,3.0,34.0,38.0,0.0,1.0,19.0,34.0,58,40,42,19,11.0,5.0,30.0,17.0,4.0,17.0,18.0,22.0,1,2
36,1,1,51,36,49,29,6.0,8.0,35.0,29.0,3.0,8.0,13.0,23.0,46,29,54,27,10.0,5.0,36.0,30.5,3.0,8.0,13.0,21.0,4,2
57,1,0,72,54,28,10,4.0,7.0,4.0,7.0,3.0,6.0,9.0,9.5,49,36,51,25,5.0,6.0,5.0,6.0,3.0,6.0,9.0,9.0,1,1
25,3,1,61,36,39,15,6.0,3.0,24.0,20.0,8.0,3.0,15.0,11.0,56,28,44,12,7.0,3.0,25.0,30.0,6.0,1.0,11.0,9.0,4,1
38,1,0,63,35,37,20,1.0,3.0,9.0,34.0,3.0,9.0,0.0,1.0,64,42,36,15,3.0,5.0,32.0,52.0,3.0,9.0,11.0,13.0,1,1
77,2,0,63,13,37,6,3.0,3.0,14.0,30.0,0.0,2.0,3.0,7.0,78,27,22,6,4.0,2.0,15.0,8.0,5.0,10.0,2.0,3.0,1,1
83,1,1,62,63,38,28,14.0,4.0,35.0,29.0,6.0,11.0,25.0,42.0,66,66,34,22,11.0,2.0,36.0,30.5,4.0,10.0,45.0,79.0,4,2
42,1,1,64,30,36,12,4.0,5.0,25.0,45.0,6.0,16.0,16.0,36.0,64,37,36,12,4.0,5.0,26.0,42.0,5.0,8.0,11.0,18.0,2,2
65,2,0,66,36,34,16,3.0,1.0,31.0,25.0,4.0,8.0,7.0,18.0,62,45,38,14,8.0,6.0,39.0,28.0,7.0,12.0,9.0,15.0,2,2
43,1,0,60,21,40,11,5.0,2.0,14.0,27.0,1.0,6.0,5.0,11.0,61,33,39,14,0.0,6.0,21.0,30.0,3.0,7.0,6.0,7.0,1,1
56,1,1,75,31,25,7,1.0,1.0,22.0,27.0,6.0,12.0,1.0,3.0,58,22,42,10,3.0,13.0,14.0,43.0,4.0,6.0,3.0,6.0,1,1
87,2,1,53,40,47,23,3.0,9.0,20.0,55.0,6.0,9.0,6.0,7.0,60,44,40,23,2.0,12.0,34.0,67.0,7.0,20.0,6.0,6.0,1,1
55,1,0,48,57,52,45,13.0,3.0,35.0,29.0,1.0,4.0,22.0,32.0,62,62,38,31,13.0,4.0,36.0,30.5,4.0,13.0,26.0,29.0,4,2
66,2,0,61,23,39,7,1.0,4.0,13.0,26.0,6.0,2.0,17.0,9.0,72,33,28,11,2.0,3.0,17.0,18.0,7.0,5.0,16.0,11.0,3,1
2,1,0,55,61,45,32,11.0,13.0,35.0,29.0,5.0,13.0,17.0,22.0,55,66,45,27,10.0,9.0,36.0,30.5,5.0,15.0,18.0,22.0,4,2
60,1,0,63,42,37,12,3.0,10.0,31.0,54.0,5.0,10.0,9.0,19.0,65,40,35,21,3.0,3.0,22.0,37.0,7.0,13.0,12.0,19.0,2,1
103,3,1,71,34,29,12,2.0,2.0,38.0,21.0,6.0,9.0,13.0,19.0,55,32,45,8,3.0,8.0,18.0,28.0,3.0,4.0,0.0,3.0,2,1
114,4,0,62,31,38,16,7.0,2.0,25.0,23.0,16.0,5.0,24.0,12.0,61,38,39,20,10.0,3.0,35.0,25.0,8.0,5.0,16.0,14.0,3,1
89,2,1,50,68,50,47,32.0,5.0,78.0,45.0,7.0,24.0,28.0,32.0,66,86,34,27,24.0,11.0,59.0,74.0,2.0,10.0,21.0,35.0,1,2
78,2,0,71,28,29,8,1.0,1.0,18.0,6.0,9.0,3.0,6.0,6.0,73,29,27,7,0.0,4.0,24.0,14.0,11.0,6.0,15.0,13.0,3,1
37,1,1,60,41,40,21,12.0,2.0,35.0,29.0,5.0,11.0,20.0,21.0,49,29,51,18,9.0,9.0,36.0,30.5,1.0,3.0,5.0,13.0,4,2
113,7,0,65,40,35,15,4.0,4.0,31.0,40.0,13.0,4.0,52.0,30.0,64,48,36,16,9.0,2.0,36.0,21.0,17.0,7.0,37.0,26.0,3,2
125,1,0,68,40,32,16,6.0,2.0,35.0,29.0,3.0,11.0,22.0,36.0,64,51,36,24,1.0,1.0,36.0,30.5,7.0,12.0,17.0,23.0,4,2
100,3,1,68,42,32,15,17.0,0.0,38.0,7.0,5.0,11.0,12.0,13.0,53,34,47,18,3.0,7.0,34.0,44.0,0.0,1.0,11.0,15.0,1,2
109,1,0,61,55,39,23,10.0,5.0,35.0,29.0,5.0,19.0,14.0,24.0,65,65,35,23,24.0,6.0,36.0,30.5,6.0,8.0,17.0,27.0,4,2
55,1,0,58,10,42,8,2.0,2.0,9.0,30.0,1.0,2.0,5.0,7.0,61,17,39,11,2.0,2.0,15.0,16.0,6.0,12.0,11.0,18.0,1,1
102,3,1,71,55,29,18,2.0,1.0,23.0,10.0,18.0,3.0,31.0,20.0,61,53,39,16,15.0,1.0,67.0,51.0,10.0,2.0,34.0,22.0,3,1
11,1,1,68,27,32,14,2.0,1.0,23.0,19.0,10.0,6.0,24.0,18.0,64,16,36,5,2.0,3.0,12.0,24.0,10.0,2.0,22.0,14.0,3,1
72,2,1,53,36,47,20,0.0,11.0,21.0,36.0,14.0,5.0,22.0,13.0,58,40,42,16,3.0,6.0,19.0,24.0,15.0,5.0,18.0,10.0,3,1
26,1,1,64,41,36,16,4.0,4.0,21.0,24.0,3.0,14.0,9.0,12.0,67,44,33,17,4.0,2.0,38.0,24.0,3.0,8.0,9.0,18.0,2,1
7,1,0,51,39,49,24,17.0,6.0,35.0,29.0,0.0,1.0,5.0,10.0,55,42,45,28,12.0,2.0,36.0,30.5,2.0,9.0,10.0,10.0,4,2
45,1,0,61,66,39,37,17.0,6.0,66.0,55.0,9.0,2.0,46.0,28.0,73,76,27,30,13.0,0.0,47.0,39.0,9.0,5.0,27.0,15.0,3,2
50,1,0,74,38,26,10,0.0,4.0,42.0,54.0,20.0,8.0,44.0,30.0,68,39,32,15,2.0,2.0,26.0,18.0,20.0,9.0,18.0,11.0,3,1
22,1,1,58,36,42,22,6.0,1.0,25.0,23.0,5.0,11.0,11.0,14.0,59,35,41,18,1.0,2.0,31.0,45.0,1.0,3.0,12.0,20.0,1,2
116,5,0,63,24,37,5,3.0,3.0,21.0,19.0,8.0,4.0,10.0,8.0,58,26,42,15,0.0,3.0,6.0,12.0,12.0,6.0,10.0,4.0,3,1
32,1,0,48,27,52,11,2.0,6.0,35.0,29.0,2.0,4.0,9.0,20.0,56,34,44,12,10.0,3.0,36.0,30.5,8.0,15.0,21.0,28.0,4,2
41,1,1,64,41,36,18,3.0,3.0,3.0,3.0,6.0,11.0,9.0,9.5,62,44,38,15,2.0,7.0,2.0,7.0,5.0,9.0,9.0,9.0,1,1
9,4,0,54,18,46,11,2.0,7.0,20.0,35.0,1.0,1.0,16.0,7.0,54,19,46,15,6.0,0.0,12.0,9.0,8.0,4.0,5.0,4.0,4,1
52,1,0,58,54,42,28,10.0,9.0,10.0,9.0,0.0,0.0,17.0,22.0,57,55,43,30,14.0,4.0,14.0,4.0,4.0,8.0,18.0,22.0,1,2
12,1,1,54,49,46,30,9.0,3.0,35.0,29.0,9.0,16.0,9.0,14.0,59,44,41,27,7.0,3.0,36.0,30.5,3.0,9.0,34.0,53.0,4,2
46,2,0,47,14,53,10,2.0,5.0,18.0,37.0,2.0,2.0,9.0,7.0,82,27,18,7,0.0,0.0,6.0,14.0,6.0,4.0,2.0,2.0,4,1
4,1,0,76,63,24,12,0.0,4.0,16.0,35.0,3.0,12.0,9.0,13.0,53,59,47,32,17.0,11.0,59.0,79.0,3.0,5.0,16.0,28.0,1,2
25,1,0,58,22,42,15,3.0,7.0,3.0,7.0,4.0,6.0,9.0,9.5,58,37,42,14,3.0,4.0,3.0,4.0,6.0,10.0,9.0,9.0,1,1
41,1,1,52,32,48,21,12.0,2.0,43.0,24.0,6.0,13.0,6.0,7.0,64,30,36,12,4.0,0.0,19.0,26.0,0.0,3.0,1.0,2.0,2,2
111,6,0,55,54,45,27,9.0,11.0,43.0,43.0,7.0,1.0,51.0,32.0,70,60,30,24,20.0,1.0,49.0,15.0,13.0,5.0,36.0,22.0,3,2
125,6,1,52,14,48,14,5.0,3.0,40.0,12.0,5.0,7.0,8.0,10.0,80,10,20,1,0.0,3.0,2.0,3.0,0.0,0.0,2.0,2.0,2,1
79,1,0,58,21,42,12,2.0,5.0,35.0,29.0,0.0,1.0,4.0,12.0,69,30,31,11,3.0,0.0,36.0,30.5,8.0,14.0,9.0,10.0,4,2
50,1,0,65,31,35,11,3.0,0.0,19.0,26.0,4.0,1.0,26.0,14.0,56,41,44,21,4.0,2.0,29.0,20.0,8.0,5.0,27.0,22.0,3,2
104,1,1,68,30,32,12,3.0,2.0,35.0,29.0,8.0,13.0,22.0,30.0,59,30,41,10,2.0,3.0,36.0,30.5,1.0,2.0,10.0,21.0,4,2
103,3,0,60,15,40,8,1.0,4.0,12.0,9.0,1.0,1.0,9.0,7.0,53,22,47,13,4.0,1.0,24.0,9.0,7.0,4.0,6.0,3.0,3,1
51,1,0,67,17,33,4,3.0,4.0,15.0,27.0,3.0,0.0,4.0,2.0,51,16,49,12,1.0,1.0,14.0,10.0,14.0,6.0,12.0,10.0,4,1
100,3,1,56,18,44,17,2.0,2.0,18.0,11.0,9.0,5.0,23.0,18.0,64,15,36,9,0.0,2.0,14.0,22.0,6.0,2.0,20.0,14.0,3,1
97,3,1,60,41,40,26,9.0,3.0,43.0,26.0,4.0,10.0,7.0,11.0,63,43,37,19,10.0,1.0,27.0,41.0,1.0,4.0,11.0,23.0,1,2
59,1,1,54,18,46,16,3.0,0.0,35.0,30.0,14.0,5.0,27.0,18.0,73,24,27,9,0.0,4.0,12.0,17.0,5.0,3.0,11.0,7.0,4,1
89,3,0,72,58,28,8,18.0,3.0,32.0,18.0,1.0,1.0,19.0,9.0,69,52,31,16,30.0,3.0,59.0,15.0,5.0,3.0,15.0,14.0,3,2
30,1,0,60,46,40,29,3.0,5.0,33.0,36.0,2.0,13.0,23.0,35.0,62,63,38,20,19.0,13.0,58.0,66.0,4.0,11.0,29.0,44.0,1,2
72,1,0,53,48,47,21,6.0,4.0,35.0,51.0,7.0,2.0,23.0,16.0,72,45,28,16,5.0,2.0,26.0,29.0,13.0,3.0,13.0,10.0,4,1
69,2,1,60,16,40,11,3.0,1.0,10.0,12.0,6.0,12.0,2.0,6.0,54,13,46,8,0.0,7.0,12.0,29.0,1.0,2.0,9.0,15.0,2,1
109,3,0,64,23,36,7,1.0,5.0,17.0,32.0,1.0,4.0,15.0,30.0,54,29,46,21,3.0,1.0,30.0,27.0,8.0,12.0,3.0,7.0,1,2
45,1,0,53,18,47,13,4.0,2.0,11.0,15.0,5.0,2.0,7.0,4.0,63,25,37,10,8.0,2.0,23.0,18.0,7.0,5.0,8.0,5.0,3,1
53,1,0,55,49,45,24,13.0,3.0,35.0,29.0,4.0,9.0,17.0,22.0,51,40,49,29,8.0,6.0,36.0,30.5,6.0,11.0,18.0,22.0,4,2
40,1,1,65,84,35,25,20.0,8.0,69.0,30.0,12.0,2.0,54.0,36.0,57,75,43,37,14.0,3.0,60.0,34.0,6.0,1.0,39.0,23.0,3,2
118,4,1,63,46,37,17,3.0,1.0,48.0,37.0,5.0,12.0,16.0,28.0,75,44,25,13,0.0,2.0,37.0,31.0,4.0,13.0,10.0,15.0,2,1
5,1,0,59,68,41,37,20.0,11.0,35.0,29.0,1.0,1.0,30.0,42.0,71,72,29,26,6.0,1.0,36.0,30.5,3.0,11.0,30.0,48.0,4,2
67,2,1,63,43,37,16,15.0,4.0,30.0,17.0,12.0,4.0,22.0,16.0,65,34,35,15,3.0,3.0,26.0,22.0,1.0,1.0,21.0,13.0,3,2
81,1,0,64,65,36,25,9.0,9.0,35.0,29.0,5.0,12.0,17.0,22.0,63,66,37,23,6.0,3.0,36.0,30.5,4.0,11.0,18.0,22.0,4,2
101,3,1,57,34,43,21,1.0,0.0,27.0,20.0,9.0,6.0,24.0,16.0,50,20,50,14,3.0,7.0,30.0,27.0,14.0,3.0,40.0,25.0,3,1
100,3,1,60,43,40,18,5.0,6.0,17.0,50.0,4.0,10.0,8.0,9.0,59,33,41,17,2.0,7.0,21.0,43.0,6.0,16.0,5.0,6.0,1,1
84,2,1,65,25,35,12,4.0,2.0,18.0,12.0,10.0,3.0,7.0,3.0,74,32,26,8,1.0,1.0,11.0,22.0,1.0,0.0,9.0,5.0,3,1
97,3,0,79,32,21,3,2.0,4.0,10.0,17.0,5.0,1.0,10.0,4.0,56,23,44,17,0.0,2.0,14.0,15.0,7.0,4.0,14.0,11.0,3,1
2,1,1,72,44,28,10,17.0,3.0,41.0,18.0,8.0,5.0,26.0,17.0,70,34,30,14,4.0,0.0,24.0,13.0,1.0,0.0,19.0,12.0,3,2
46,1,0,51,25,49,15,7.0,8.0,19.0,47.0,6.0,4.0,13.0,6.0,59,32,41,17,1.0,7.0,19.0,38.0,12.0,7.0,18.0,12.0,3,1
99,3,0,63,24,37,10,2.0,3.0,21.0,33.0,3.0,4.0,10.0,17.0,51,24,49,12,4.0,5.0,13.0,18.0,5.0,11.0,3.0,5.0,2,1
108,5,0,57,44,43,20,9.0,3.0,32.0,11.0,6.0,0.0,54.0,30.0,68,63,32,12,30.0,9.0,58.0,14.0,10.0,3.0,16.0,12.0,3,2
47,1,1,66,47,34,21,4.0,2.0,35.0,29.0,7.0,17.0,24.0,36.0,55,47,45,26,8.0,5.0,36.0,30.5,3.0,7.0,22.0,39.0,4,2
36,1,0,74,34,26,9,1.0,5.0,25.0,26.0,4.0,10.0,4.0,6.0,63,31,37,17,0.0,2.0,41.0,22.0,7.0,13.0,19.0,20.0,2,1
5,1,0,59,38,41,22,6.0,4.0,35.0,42.0,14.0,2.0,12.0,6.0,69,57,31,18,11.0,5.0,47.0,40.0,13.0,4.0,13.0,7.0,3,1
114,4,1,63,81,37,41,13.0,6.0,92.0,55.0,4.0,20.0,31.0,45.0,60,87,40,38,10.0,2.0,57.0,46.0,2.0,11.0,37.0,53.0,2,2
29,1,1,64,41,36,18,16.0,3.0,31.0,16.0,6.0,11.0,3.0,8.0,72,37,28,6,5.0,6.0,24.0,22.0,2.0,5.0,8.0,10.0,2,2
12,1,0,66,48,34,13,7.0,5.0,24.0,24.0,1.0,5.0,11.0,14.0,66,44,34,17,10.0,6.0,46.0,33.0,5.0,11.0,10.0,16.0,2,2
48,1,0,64,38,36,18,5.0,6.0,28.0,24.0,3.0,0.0,24.0,11.0,62,47,38,17,6.0,1.0,31.0,14.0,9.0,3.0,26.0,20.0,3,2
37,1,1,58,57,42,30,22.0,4.0,63.0,53.0,5.0,8.0,21.0,31.0,61,64,39,27,13.0,4.0,41.0,34.0,2.0,3.0,20.0,29.0,1,2
35,1,1,61,59,39,24,20.0,6.0,44.0,40.0,5.0,14.0,7.0,11.0,58,44,42,25,7.0,6.0,20.0,48.0,1.0,5.0,10.0,17.0,1,2
111,3,0,70,8,30,4,2.0,5.0,5.0,18.0,1.0,2.0,3.0,3.0,74,20,26,5,2.0,2.0,20.0,13.0,7.0,14.0,14.0,17.0,1,1
11,1,0,78,85,22,22,2.0,1.0,24.0,30.0,5.0,17.0,12.0,18.0,52,67,48,47,12.0,5.0,72.0,64.0,5.0,10.0,11.0,18.0,2,2
46,1,1,75,63,25,16,6.0,1.0,31.0,25.0,10.0,4.0,20.0,15.0,58,40,42,21,5.0,5.0,38.0,52.0,8.0,2.0,26.0,16.0,3,2
32,1,0,55,22,45,17,1.0,1.0,16.0,30.0,1.0,4.0,12.0,27.0,67,36,33,16,3.0,1.0,26.0,13.0,6.0,10.0,21.0,27.0,2,2
52,1,1,78,86,22,20,11.0,2.0,45.0,30.0,8.0,2.0,21.0,10.0,64,81,36,28,36.0,5.0,79.0,43.0,13.0,4.0,42.0,29.0,3,2
90,2,1,74,62,26,15,11.0,3.0,34.0,30.0,4.0,16.0,10.0,15.0,54,39,46,22,4.0,6.0,25.0,34.0,1.0,7.0,18.0,26.0,2,2
50,1,0,67,44,33,14,7.0,8.0,35.0,29.0,2.0,8.0,17.0,22.0,45,34,55,27,6.0,4.0,36.0,30.5,6.0,21.0,18.0,22.0,4,2
108,3,1,65,36,35,16,5.0,2.0,25.0,19.0,6.0,9.0,13.0,20.0,59,29,41,17,0.0,7.0,39.0,49.0,3.0,5.0,12.0,21.0,1,1
64,1,1,58,50,42,22,8.0,6.0,35.0,29.0,6.0,12.0,14.0,23.0,53,35,47,19,8.0,5.0,36.0,30.5,3.0,10.0,20.0,29.0,4,2
25,1,1,75,47,25,12,9.0,2.0,46.0,21.0,7.0,4.0,41.0,29.0,67,32,33,10,4.0,4.0,23.0,13.0,3.0,0.0,13.0,9.0,3,2
97,3,0,54,48,46,30,14.0,3.0,42.0,25.0,10.0,2.0,38.0,24.0,76,63,24,18,18.0,2.0,43.0,22.0,10.0,5.0,38.0,24.0,3,2
86,2,1,74,55,26,10,5.0,2.0,27.0,29.0,7.0,10.0,14.0,20.0,56,30,44,25,6.0,5.0,32.0,57.0,4.0,7.0,15.0,28.0,2,2
79,2,0,57,39,43,24,3.0,5.0,26.0,22.0,7.0,2.0,40.0,26.0,61,55,39,22,24.0,4.0,48.0,20.0,13.0,5.0,28.0,20.0,3,2
76,1,1,70,71,30,21,23.0,2.0,35.0,29.0,3.0,9.0,37.0,63.0,83,74,17,11,7.0,3.0,36.0,30.5,1.0,7.0,9.0,16.0,4,2
49,1,1,65,90,35,38,19.0,3.0,59.0,41.0,8.0,3.0,46.0,30.0,69,93,31,27,20.0,3.0,64.0,37.0,4.0,0.0,18.0,10.0,3,2
112,1,1,59,81,41,45,6.0,9.0,35.0,29.0,5.0,21.0,31.0,44.0,56,83,44,46,39.0,11.0,36.0,30.5,6.0,22.0,47.0,69.0,4,2
29,1,0,79,23,21,4,2.0,0.0,7.0,7.0,0.0,0.0,12.0,4.0,60,24,40,10,2.0,1.0,24.0,22.0,7.0,4.0,12.0,9.0,3,1
39,2,1,80,25,20,8,0.0,0.0,12.0,18.0,10.0,6.0,5.0,4.0,58,19,42,6,2.0,2.0,14.0,35.0,4.0,3.0,9.0,5.0,4,1
60,1,1,76,43,24,11,0.0,1.0,0.0,1.0,9.0,13.0,9.0,9.5,69,28,31,7,2.0,5.0,2.0,5.0,5.0,12.0,9.0,9.0,1,1
112,4,0,65,28,35,12,1.0,4.0,15.0,25.0,1.0,3.0,2.0,3.0,63,25,37,12,1.0,1.0,17.0,20.0,4.0,12.0,5.0,5.0,2,1
4,1,0,57,18,43,13,2.0,3.0,15.0,27.0,2.0,2.0,3.0,5.0,65,22,35,10,2.0,2.0,9.0,16.0,5.0,7.0,1.0,4.0,2,1
112,4,1,71,47,29,17,3.0,5.0,39.0,11.0,12.0,4.0,48.0,32.0,55,37,45,18,5.0,1.0,52.0,27.0,6.0,2.0,46.0,29.0,3,1
90,3,1,65,44,35,20,16.0,2.0,40.0,10.0,12.0,4.0,28.0,14.0,58,42,42,16,11.0,3.0,34.0,20.0,5.0,0.0,61.0,29.0,3,2
109,3,1,64,37,36,16,5.0,7.0,33.0,56.0,7.0,10.0,12.0,17.0,67,39,33,12,2.0,6.0,17.0,37.0,5.0,16.0,9.0,13.0,1,1
40,2,1,62,26,38,11,0.0,1.0,18.0,12.0,12.0,4.0,15.0,11.0,57,21,43,15,5.0,3.0,18.0,21.0,4.0,1.0,26.0,11.0,4,1
33,1,0,65,17,35,9,0.0,1.0,16.0,31.0,1.0,6.0,4.0,8.0,58,22,42,16,3.0,2.0,16.0,13.0,4.0,7.0,0.0,1.0,2,1
67,2,0,75,13,25,3,0.0,3.0,10.0,29.0,2.0,3.0,5.0,8.0,54,16,46,13,2.0,2.0,16.0,17.0,6.0,7.0,0.0,1.0,1,1
27,1,1,53,55,47,39,10.0,7.0,35.0,29.0,4.0,15.0,14.0,24.0,48,56,52,40,12.0,10.0,36.0,30.5,1.0,5.0,24.0,40.0,4,2
114,4,1,80,26,20,4,1.0,1.0,18.0,14.0,5.0,7.0,8.0,14.0,64,14,36,3,0.0,1.0,4.0,11.0,0.0,4.0,3.0,4.0,1,1
80,2,0,62,32,38,18,6.0,3.0,14.0,21.0,1.0,2.0,4.0,13.0,76,45,24,9,11.0,0.0,52.0,35.0,6.0,11.0,23.0,29.0,1,2
73,1,0,49,17,51,4,3.0,7.0,20.0,31.0,0.0,0.0,6.0,4.0,50,16,50,14,0.0,1.0,11.0,6.0,8.0,5.0,6.0,5.0,4,1
50,1,1,54,60,46,25,34.0,13.0,71.0,52.0,6.0,8.0,5.0,8.0,53,45,47,31,12.0,5.0,38.0,36.0,3.0,7.0,6.0,6.0,1,2
16,3,0,56,44,44,21,9.0,10.0,30.0,44.0,6.0,1.0,18.0,13.0,68,48,32,17,2.0,6.0,24.0,38.0,18.0,4.0,30.0,19.0,4,1
98,1,0,46,35,54,27,19.0,8.0,35.0,29.0,2.0,6.0,12.0,17.0,56,46,44,33,18.0,2.0,36.0,30.5,4.0,8.0,14.0,19.0,4,2
73,1,1,55,68,45,41,13.0,3.0,35.0,29.0,2.0,6.0,28.0,45.0,58,77,42,34,25.0,7.0,36.0,30.5,1.0,8.0,15.0,24.0,4,2
110,4,0,61,65,39,28,5.0,3.0,32.0,47.0,3.0,6.0,15.0,28.0,64,56,36,23,9.0,2.0,60.0,56.0,6.0,14.0,25.0,35.0,2,2
78,2,1,64,65,36,32,8.0,4.0,29.0,33.0,7.0,11.0,10.0,19.0,60,55,40,22,3.0,6.0,52.0,69.0,4.0,12.0,26.0,38.0,2,2
44,1,0,43,22,57,26,0.0,6.0,14.0,20.0,2.0,1.0,22.0,12.0,64,38,36,19,7.0,0.0,38.0,17.0,10.0,5.0,42.0,27.0,3,2
74,2,0,79,71,21,20,11.0,1.0,57.0,28.0,3.0,11.0,17.0,26.0,67,76,33,25,15.0,5.0,63.0,47.0,3.0,11.0,11.0,18.0,1,2
82,2,0,50,50,50,32,15.0,7.0,15.0,7.0,7.0,15.0,17.0,22.0,49,65,51,41,7.0,8.0,7.0,8.0,10.0,12.0,18.0,22.0,1,2
32,2,0,47,27,53,27,2.0,7.0,41.0,43.0,14.0,6.0,38.0,26.0,68,34,32,14,2.0,3.0,28.0,27.0,18.0,7.0,22.0,15.0,4,1
13,1,1,62,40,38,16,6.0,4.0,17.0,42.0,4.0,12.0,3.0,4.0,59,39,41,22,1.0,8.0,34.0,66.0,4.0,10.0,9.0,12.0,2,1
34,1,0,66,46,34,17,0.0,7.0,35.0,29.0,1.0,5.0,13.0,15.0,63,51,37,19,28.0,4.0,36.0,30.5,3.0,12.0,12.0,20.0,4,2
62,1,1,54,55,46,36,8.0,9.0,54.0,45.0,3.0,5.0,14.0,23.0,59,56,41,23,20.0,5.0,53.0,47.0,4.0,9.0,23.0,36.0,1,2
121,5,0,61,60,39,28,9.0,1.0,41.0,46.0,1.0,2.0,17.0,27.0,64,61,36,28,10.0,0.0,54.0,42.0,4.0,17.0,49.0,66.0,1,2
42,1,0,56,18,44,8,1.0,7.0,35.0,29.0,1.0,1.0,6.0,14.0,84,33,16,4,5.0,1.0,36.0,30.5,9.0,13.0,8.0,12.0,4,2
56,1,0,65,24,35,7,2.0,3.0,7.0,15.0,2.0,0.0,4.0,2.0,65,25,35,8,5.0,0.0,25.0,10.0,10.0,4.0,26.0,19.0,3,1
115,4,0,64,35,36,10,1.0,4.0,25.0,35.0,5.0,6.0,5.0,13.0,60,33,40,12,8.0,2.0,43.0,37.0,8.0,18.0,17.0,27.0,1,1
0,1,0,61,35,39,18,5.0,1.0,17.0,29.0,1.0,3.0,8.0,11.0,68,45,32,17,10.0,0.0,40.0,30.0,4.0,8.0,8.0,9.0,1,2
31,1,1,48,26,52,20,4.0,6.0,28.0,27.0,5.0,16.0,7.0,8.0,60,36,40,15,3.0,8.0,32.0,40.0,4.0,12.0,12.0,16.0,1,1
14,3,0,62,34,38,21,2.0,2.0,13.0,27.0,11.0,2.0,10.0,7.0,63,47,37,22,3.0,4.0,46.0,45.0,9.0,3.0,34.0,27.0,4,1
12,1,0,69,60,31,14,3.0,2.0,33.0,33.0,7.0,2.0,34.0,25.0,63,65,37,26,12.0,6.0,60.0,27.0,12.0,6.0,61.0,44.0,3,2
36,1,0,63,109,37,36,41.0,4.0,111.0,81.0,2.0,25.0,29.0,44.0,56,114,44,57,32.0,18.0,75.0,53.0,4.0,10.0,37.0,55.0,1,2
121,1,1,68,49,32,19,5.0,1.0,35.0,29.0,7.0,12.0,27.0,39.0,56,29,44,23,2.0,4.0,36.0,30.5,2.0,10.0,10.0,21.0,4,2
112,6,1,69,102,31,21,22.0,2.0,80.0,48.0,15.0,3.0,56.0,42.0,60,82,40,42,4.0,4.0,48.0,37.0,7.0,2.0,37.0,25.0,3,2
10,4,1,62,26,38,11,6.0,4.0,22.0,13.0,10.0,4.0,13.0,9.0,66,28,34,8,0.0,4.0,15.0,29.0,2.0,1.0,12.0,6.0,4,1
3,1,0,61,41,39,19,8.0,3.0,27.0,45.0,4.0,7.0,10.0,13.0,68,43,32,10,6.0,2.0,37.0,44.0,5.0,13.0,5.0,8.0,1,1
30,1,1,54,24,46,14,0.0,2.0,32.0,25.0,5.0,14.0,17.0,24.0,47,12,53,14,1.0,2.0,8.0,14.0,2.0,6.0,4.0,11.0,2,1
29,1,0,73,31,27,6,2.0,6.0,2.0,6.0,1.0,2.0,17.0,22.0,53,31,47,19,4.0,3.0,4.0,3.0,7.0,12.0,18.0,22.0,1,2
73,2,1,74,24,26,10,2.0,1.0,22.0,18.0,5.0,10.0,9.0,11.0,53,13,47,10,0.0,2.0,10.0,30.0,1.0,7.0,7.0,10.0,2,1
49,1,1,55,52,45,27,8.0,8.0,53.0,41.0,7.0,10.0,13.0,23.0,72,47,28,15,2.0,1.0,23.0,35.0,1.0,8.0,9.0,15.0,2,2
59,1,1,54,31,46,22,3.0,4.0,36.0,45.0,7.0,16.0,13.0,21.0,72,46,28,11,2.0,5.0,32.0,38.0,7.0,12.0,9.0,14.0,2,1
97,3,1,67,40,33,17,6.0,0.0,25.0,24.0,5.0,10.0,13.0,15.0,65,35,35,10,3.0,3.0,17.0,34.0,0.0,2.0,15.0,21.0,2,2
103,4,0,59,47,41,18,5.0,4.0,36.0,20.0,2.0,0.0,27.0,21.0,72,55,28,18,9.0,1.0,36.0,15.0,11.0,2.0,28.0,15.0,3,2
60,1,1,51,32,49,27,7.0,2.0,35.0,29.0,6.0,13.0,11.0,18.0,66,37,34,16,1.0,3.0,36.0,30.5,3.0,7.0,37.0,64.0,4,2
5,1,1,62,28,38,12,5.0,0.0,30.0,21.0,3.0,5.0,4.0,7.0,50,18,50,14,3.0,2.0,11.0,23.0,0.0,3.0,6.0,6.0,1,1
94,3,0,82,41,18,8,2.0,1.0,15.0,31.0,1.0,3.0,9.0,15.0,65,42,35,22,7.0,0.0,38.0,21.0,4.0,4.0,8.0,11.0,2,2
11,1,0,69,44,31,9,8.0,3.0,35.0,29.0,1.0,3.0,13.0,19.0,55,40,45,21,11.0,2.0,36.0,30.5,5.0,11.0,6.0,6.0,4,2
48,1,0,57,52,43,25,29.0,1.0,55.0,39.0,1.0,2.0,12.0,18.0,64,62,36,23,16.0,3.0,46.0,29.0,4.0,8.0,21.0,28.0,1,2
103,3,1,44,17,56,15,3.0,4.0,14.0,10.0,6.0,15.0,3.0,5.0,60,22,40,13,4.0,6.0,22.0,45.0,2.0,4.0,6.0,10.0,1,1
61,1,0,58,40,42,12,7.0,1.0,16.0,19.0,9.0,0.0,5.0,3.0,59,38,41,22,20.0,3.0,53.0,25.0,14.0,5.0,17.0,11.0,3,2
46,1,0,57,26,43,7,2.0,7.0,2.0,7.0,2.0,3.0,9.0,9.5,61,26,39,8,4.0,3.0,4.0,3.0,5.0,10.0,9.0,9.0,1,1
14,1,1,69,84,31,29,11.0,4.0,57.0,42.0,6.0,7.0,8.0,13.0,54,58,46,36,7.0,8.0,60.0,71.0,5.0,15.0,24.0,33.0,2,2
61,1,0,53,27,47,12,2.0,13.0,2.0,13.0,4.0,7.0,9.0,9.5,68,32,32,12,1.0,5.0,1.0,5.0,5.0,11.0,9.0,9.0,1,1
46,1,1,49,29,51,22,7.0,4.0,32.0,37.0,6.0,11.0,13.0,19.0,69,35,31,9,3.0,4.0,22.0,32.0,3.0,12.0,10.0,19.0,2,2
106,4,1,65,44,35,17,13.0,3.0,40.0,16.0,13.0,6.0,22.0,15.0,73,43,27,14,4.0,2.0,25.0,26.0,7.0,2.0,35.0,16.0,3,2
52,1,0,47,8,53,4,1.0,6.0,13.0,38.0,2.0,0.0,5.0,4.0,69,21,31,7,0.0,2.0,7.0,8.0,8.0,6.0,3.0,3.0,4,1
39,1,1,57,24,43,14,4.0,3.0,23.0,6.0,7.0,5.0,20.0,14.0,52,10,48,7,0.0,3.0,16.0,20.0,10.0,1.0,19.0,13.0,3,1
78,2,1,67,51,33,19,2.0,5.0,29.0,20.0,12.0,5.0,15.0,9.0,65,44,35,15,5.0,5.0,27.0,28.0,5.0,2.0,32.0,19.0,3,2
58,1,1,73,29,27,7,1.0,1.0,21.0,16.0,9.0,6.0,14.0,8.0,79,25,21,6,2.0,2.0,19.0,26.0,6.0,3.0,14.0,8.0,3,1
105,3,1,68,39,32,13,8.0,1.0,34.0,13.0,9.0,4.0,27.0,18.0,61,32,39,15,3.0,4.0,20.0,14.0,5.0,1.0,16.0,11.0,3,1
104,3,0,46,15,54,7,1.0,3.0,25.0,34.0,1.0,7.0,8.0,15.0,89,34,11,2,1.0,0.0,14.0,7.0,5.0,7.0,5.0,8.0,2,1
12,1,0,65,40,35,17,16.0,4.0,35.0,25.0,0.0,2.0,20.0,43.0,67,45,33,13,6.0,4.0,31.0,17.0,4.0,10.0,6.0,10.0,1,2
69,1,0,62,30,38,10,1.0,7.0,35.0,29.0,2.0,13.0,17.0,22.0,44,32,56,31,3.0,3.0,36.0,30.5,7.0,11.0,18.0,22.0,4,2
104,4,1,66,62,34,29,7.0,3.0,53.0,25.0,15.0,5.0,46.0,31.0,66,64,34,25,14.0,3.0,47.0,32.0,6.0,0.0,54.0,30.0,3,2
91,1,0,46,19,54,23,3.0,5.0,35.0,29.0,2.0,2.0,17.0,22.0,46,24,54,21,6.0,3.0,36.0,30.5,7.0,13.0,18.0,22.0,4,2
16,1,0,74,21,26,6,2.0,1.0,20.0,16.0,1.0,5.0,9.0,11.0,70,31,30,6,4.0,1.0,21.0,13.0,4.0,8.0,8.0,10.0,2,1
29,1,1,61,30,39,13,8.0,5.0,25.0,27.0,4.0,5.0,6.0,6.0,68,20,32,5,0.0,4.0,10.0,23.0,1.0,8.0,6.0,7.0,1,1
63,1,0,72,24,28,5,2.0,5.0,13.0,29.0,3.0,10.0,4.0,5.0,75,41,25,4,0.0,7.0,27.0,32.0,5.0,5.0,15.0,17.0,1,1
85,1,0,53,35,47,19,10.0,4.0,35.0,29.0,2.0,9.0,17.0,22.0,52,33,48,23,8.0,3.0,36.0,30.5,7.0,19.0,18.0,22.0,4,2
0,1,0,62,18,38,5,0.0,3.0,8.0,8.0,0.0,0.0,1.0,3.0,68,25,32,8,4.0,0.0,25.0,19.0,4.0,6.0,3.0,5.0,2,1
34,1,1,58,49,42,24,5.0,4.0,5.0,4.0,9.0,17.0,17.0,22.0,55,50,45,21,14.0,8.0,14.0,8.0,3.0,6.0,18.0,22.0,1,2
116,4,1,62,59,38,25,8.0,3.0,48.0,47.0,7.0,14.0,16.0,24.0,51,39,49,22,3.0,8.0,33.0,56.0,1.0,6.0,20.0,31.0,1,2
26,3,0,75,27,25,6,0.0,4.0,13.0,33.0,3.0,2.0,13.0,8.0,79,30,21,5,0.0,2.0,13.0,23.0,11.0,5.0,9.0,7.0,4,1
104,3,1,62,23,38,13,1.0,3.0,12.0,33.0,7.0,9.0,5.0,10.0,86,25,14,5,0.0,2.0,19.0,43.0,5.0,7.0,13.0,18.0,1,1
85,2,1,62,23,38,12,2.0,1.0,14.0,7.0,9.0,5.0,14.0,10.0,66,24,34,6,2.0,6.0,22.0,29.0,4.0,1.0,27.0,18.0,3,1
108,1,1,51,37,49,25,7.0,2.0,35.0,29.0,4.0,10.0,8.0,12.0,62,40,38,15,0.0,2.0,36.0,30.5,0.0,2.0,21.0,39.0,4,2
115,4,0,56,29,44,18,0.0,2.0,27.0,42.0,2.0,5.0,13.0,21.0,64,31,36,14,1.0,6.0,13.0,25.0,4.0,11.0,10.0,17.0,2,1
14,1,0,55,76,45,42,9.0,9.0,35.0,29.0,4.0,15.0,26.0,38.0,68,71,32,28,9.0,2.0,36.0,30.5,5.0,17.0,28.0,41.0,4,2
108,3,0,59,55,41,30,21.0,5.0,50.0,39.0,1.0,3.0,22.0,53.0,60,55,40,33,15.0,5.0,49.0,13.0,2.0,4.0,12.0,15.0,1,2
38,1,0,56,67,44,34,21.0,7.0,58.0,53.0,1.0,4.0,21.0,30.0,68,71,32,18,10.0,4.0,44.0,42.0,1.0,10.0,15.0,22.0,2,2
45,1,0,60,38,40,14,3.0,0.0,12.0,16.0,1.0,5.0,0.0,6.0,62,41,38,23,7.0,4.0,62.0,50.0,4.0,7.0,9.0,12.0,2,2
64,2,1,72,83,28,23,5.0,8.0,63.0,76.0,5.0,10.0,32.0,47.0,65,75,35,37,5.0,4.0,55.0,38.0,7.0,16.0,22.0,34.0,2,2
37,1,0,64,61,36,21,7.0,11.0,56.0,60.0,3.0,6.0,31.0,49.0,65,59,35,25,8.0,6.0,35.0,31.0,3.0,8.0,17.0,23.0,2,2
33,1,0,51,37,49,29,5.0,11.0,51.0,54.0,4.0,11.0,22.0,32.0,63,43,37,22,10.0,6.0,41.0,27.0,6.0,14.0,6.0,15.0,1,2
21,3,0,52,16,48,16,0.0,5.0,7.0,30.0,2.0,1.0,5.0,3.0,65,29,35,10,11.0,6.0,23.0,21.0,7.0,4.0,9.0,9.0,4,1
104,3,0,43,40,57,36,6.0,9.0,36.0,64.0,4.0,9.0,10.0,20.0,63,53,37,23,1.0,5.0,27.0,34.0,8.0,19.0,14.0,27.0,2,2
6,1,1,63,56,37,21,21.0,3.0,56.0,32.0,16.0,4.0,21.0,15.0,73,59,27,14,7.0,8.0,33.0,28.0,9.0,2.0,11.0,10.0,3,2
56,1,0,56,37,44,24,5.0,4.0,29.0,13.0,4.0,0.0,22.0,14.0,64,56,36,18,17.0,3.0,45.0,13.0,6.0,3.0,19.0,14.0,3,2
47,1,1,67,17,33,9,1.0,0.0,13.0,8.0,6.0,14.0,9.0,11.0,56,15,44,7,1.0,4.0,17.0,24.0,1.0,2.0,2.0,10.0,2,1
77,2,1,65,43,35,18,15.0,5.0,30.0,22.0,3.0,5.0,12.0,15.0,59,34,41,16,10.0,3.0,28.0,21.0,0.0,2.0,2.0,5.0,1,2
15,1,1,67,40,33,17,2.0,5.0,32.0,31.0,15.0,5.0,24.0,15.0,64,40,36,20,5.0,3.0,24.0,25.0,9.0,3.0,17.0,10.0,3,1
107,4,1,60,26,40,14,6.0,1.0,31.0,20.0,12.0,6.0,41.0,26.0,66,26,34,11,0.0,0.0,20.0,19.0,6.0,4.0,31.0,18.0,3,1
66,2,0,63,83,37,25,26.0,2.0,66.0,27.0,7.0,2.0,61.0,39.0,64,76,36,39,8.0,2.0,53.0,20.0,7.0,4.0,46.0,32.0,3,2
117,4,1,74,71,26,23,2.0,2.0,38.0,42.0,4.0,8.0,13.0,31.0,55,48,45,28,4.0,3.0,48.0,48.0,2.0,13.0,17.0,24.0,2,2
11,1,1,78,40,22,7,4.0,1.0,27.0,21.0,3.0,11.0,10.0,15.0,68,38,32,17,1.0,2.0,26.0,32.0,2.0,6.0,14.0,23.0,2,1
13,1,0,54,32,46,15,5.0,4.0,22.0,40.0,2.0,7.0,4.0,6.0,58,39,42,18,7.0,9.0,21.0,41.0,2.0,3.0,8.0,11.0,1,1
40,1,0,52,16,48,9,1.0,5.0,9.0,33.0,1.0,3.0,4.0,8.0,51,27,49,19,2.0,4.0,26.0,25.0,8.0,11.0,7.0,7.0,2,2
120,6,1,63,53,37,19,9.0,7.0,60.0,46.0,14.0,6.0,44.0,32.0,70,42,30,15,1.0,0.0,21.0,10.0,14.0,6.0,31.0,16.0,3,1
95,2,1,69,23,31,9,6.0,1.0,27.0,9.0,4.0,10.0,3.0,5.0,53,16,47,9,2.0,3.0,14.0,14.0,0.0,0.0,3.0,5.0,2,1
27,1,0,58,22,42,11,1.0,2.0,13.0,46.0,3.0,7.0,3.0,8.0,70,32,30,8,2.0,3.0,17.0,33.0,5.0,6.0,0.0,2.0,2,1
49,1,1,82,37,18,7,1.0,1.0,1.0,1.0,8.0,18.0,17.0,22.0,61,28,39,10,8.0,5.0,8.0,5.0,1.0,2.0,18.0,22.0,1,2
27,1,1,67,73,33,32,8.0,3.0,50.0,69.0,9.0,14.0,18.0,27.0,64,68,36,28,11.0,8.0,48.0,69.0,6.0,10.0,19.0,37.0,2,2
19,1,1,66,46,34,16,9.0,2.0,31.0,27.0,4.0,9.0,12.0,13.0,57,41,43,13,9.0,7.0,30.0,33.0,0.0,5.0,14.0,17.0,1,2
75,2,1,64,48,36,19,8.0,4.0,25.0,39.0,7.0,6.0,31.0,14.0,63,38,37,22,4.0,2.0,26.0,30.0,16.0,7.0,19.0,13.0,3,1
112,4,0,71,34,29,7,5.0,2.0,25.0,41.0,0.0,2.0,6.0,12.0,52,28,48,24,1.0,3.0,28.0,11.0,6.0,17.0,9.0,12.0,2,2
23,3,1,66,28,44,7,6.0,1.0,22.0,16.0,8.0,4.0,13.0,10.0,59,14,41,12,0.0,3.0,3.0,21.0,1.0,0.0,13.0,4.0,4,1
87,3,0,67,47,33,12,6.0,1.0,34.0,25.0,3.0,1.0,29.0,21.0,65,44,35,16,9.0,0.0,40.0,14.0,7.0,5.0,28.0,20.0,3,2
38,1,1,66,29,34,8,5.0,1.0,25.0,19.0,4.0,5.0,6.0,8.0,62,16,38,9,0.0,2.0,10.0,11.0,1.0,4.0,7.0,12.0,2,1
79,2,0,64,27,36,8,3.0,0.0,14.0,34.0,2.0,3.0,6.0,13.0,59,32,41,14,9.0,3.0,39.0,15.0,8.0,13.0,6.0,9.0,2,2
75,1,0,62,47,38,23,8.0,2.0,35.0,29.0,6.0,11.0,18.0,25.0,56,43,44,27,9.0,7.0,36.0,30.5,6.0,15.0,32.0,40.0,4,2
51,1,0,63,50,37,22,6.0,5.0,35.0,29.0,1.0,3.0,17.0,22.0,64,50,36,20,8.0,3.0,36.0,30.5,3.0,11.0,18.0,22.0,4,2
29,1,1,61,49,39,25,7.0,6.0,35.0,29.0,6.0,11.0,17.0,22.0,58,52,42,27,14.0,2.0,36.0,30.5,4.0,6.0,18.0,22.0,4,2
103,3,0,69,38,31,10,3.0,5.0,27.0,33.0,0.0,5.0,7.0,19.0,62,39,38,16,6.0,1.0,35.0,18.0,5.0,14.0,11.0,20.0,1,2
91,3,0,67,53,33,11,14.0,5.0,44.0,27.0,0.0,0.0,21.0,13.0,61,47,39,20,10.0,4.0,29.0,12.0,9.0,4.0,13.0,7.0,3,2
93,2,0,61,26,39,14,5.0,2.0,22.0,36.0,3.0,5.0,8.0,10.0,53,26,47,15,7.0,3.0,19.0,24.0,5.0,8.0,8.0,11.0,1,1
64,2,0,52,28,48,17,3.0,7.0,14.0,39.0,0.0,0.0,7.0,11.0,66,36,34,17,12.0,2.0,30.0,11.0,5.0,6.0,5.0,9.0,1,2
117,4,1,60,57,40,21,11.0,3.0,38.0,34.0,4.0,5.0,23.0,35.0,64,44,36,22,5.0,1.0,27.0,45.0,1.0,5.0,13.0,23.0,1,2
0,1,1,63,45,37,16,7.0,7.0,35.0,29.0,5.0,16.0,18.0,25.0,59,37,41,17,6.0,4.0,36.0,30.5,1.0,3.0,30.0,40.0,4,2
64,1,1,51,13,49,12,1.0,0.0,13.0,8.0,9.0,6.0,8.0,6.0,43,8,57,5,0.0,8.0,3.0,18.0,0.0,0.0,6.0,3.0,4,1
52,1,0,66,19,34,9,0.0,0.0,21.0,16.0,6.0,0.0,12.0,11.0,70,44,30,9,7.0,1.0,29.0,21.0,4.0,3.0,21.0,13.0,3,1
74,2,1,56,26,44,14,4.0,6.0,18.0,28.0,5.0,13.0,9.0,14.0,74,22,26,10,0.0,2.0,18.0,40.0,2.0,4.0,3.0,7.0,1,1
119,5,0,59,22,41,9,2.0,2.0,9.0,28.0,0.0,1.0,4.0,7.0,47,25,53,22,1.0,3.0,26.0,18.0,7.0,12.0,13.0,15.0,2,2
70,2,1,50,26,50,17,4.0,2.0,25.0,25.0,5.0,10.0,3.0,7.0,75,32,25,6,2.0,1.0,27.0,42.0,3.0,9.0,13.0,17.0,1,1
25,1,0,57,49,43,32,9.0,4.0,9.0,4.0,4.0,13.0,17.0,22.0,65,67,35,32,6.0,6.0,6.0,6.0,7.0,16.0,18.0,22.0,1,2
61,1,0,49,51,51,36,6.0,8.0,6.0,8.0,2.0,12.0,17.0,22.0,50,54,50,43,16.0,12.0,16.0,12.0,4.0,10.0,18.0,22.0,1,2
18,1,1,68,102,32,27,22.0,10.0,55.0,44.0,19.0,4.0,34.0,22.0,59,81,41,39,20.0,13.0,95.0,74.0,17.0,3.0,59.0,42.0,3,2
71,2,1,53,20,47,13,4.0,4.0,30.0,26.0,6.0,11.0,9.0,11.0,73,22,27,5,0.0,3.0,9.0,18.0,3.0,5.0,4.0,4.0,2,1
75,2,0,57,30,43,16,4.0,1.0,23.0,34.0,1.0,11.0,11.0,17.0,46,36,54,30,9.0,6.0,41.0,45.0,5.0,12.0,11.0,14.0,2,2
61,1,1,65,17,35,10,1.0,0.0,17.0,8.0,8.0,6.0,20.0,16.0,41,6,59,7,0.0,4.0,2.0,10.0,2.0,1.0,1.0,0.0,3,1
62,1,1,60,34,40,20,16.0,3.0,35.0,29.0,5.0,10.0,5.0,8.0,54,30,46,15,0.0,5.0,36.0,30.5,0.0,1.0,10.0,15.0,4,2
3,1,1,53,39,47,24,8.0,6.0,8.0,6.0,6.0,9.0,17.0,22.0,50,24,50,19,1.0,8.0,1.0,8.0,1.0,7.0,18.0,22.0,1,2
120,5,1,75,40,25,11,5.0,0.0,31.0,17.0,7.0,12.0,13.0,16.0,60,30,40,12,3.0,4.0,23.0,40.0,1.0,5.0,16.0,30.0,2,2
90,2,0,70,47,30,19,2.0,2.0,23.0,46.0,2.0,4.0,13.0,18.0,59,49,41,18,15.0,7.0,36.0,35.0,5.0,21.0,5.0,9.0,1,2
84,2,0,73,17,27,4,2.0,3.0,11.0,18.0,1.0,1.0,1.0,3.0,55,20,45,10,2.0,1.0,18.0,10.0,5.0,8.0,2.0,2.0,2,1
62,1,1,62,68,38,38,22.0,1.0,52.0,32.0,16.0,3.0,45.0,26.0,55,76,45,39,25.0,8.0,76.0,55.0,11.0,2.0,36.0,26.0,3,2
82,2,0,67,38,33,14,2.0,1.0,37.0,38.0,5.0,10.0,11.0,14.0,63,41,37,14,1.0,2.0,32.0,31.0,5.0,8.0,10.0,14.0,2,1
15,1,1,50,32,50,23,5.0,0.0,29.0,33.0,6.0,10.0,13.0,17.0,62,26,38,12,4.0,4.0,15.0,35.0,1.0,4.0,9.0,13.0,2,2
7,1,1,59,42,41,25,7.0,2.0,41.0,49.0,10.0,14.0,11.0,18.0,49,40,51,29,4.0,6.0,44.0,72.0,9.0,10.0,19.0,35.0,2,2
106,3,1,64,40,36,21,3.0,3.0,42.0,29.0,4.0,8.0,16.0,24.0,49,28,51,25,5.0,5.0,22.0,22.0,0.0,3.0,10.0,20.0,2,2
81,2,0,60,67,40,34,12.0,18.0,56.0,71.0,6.0,10.0,15.0,26.0,68,62,32,26,2.0,4.0,24.0,51.0,5.0,17.0,6.0,10.0,1,2
37,1,1,62,43,38,21,17.0,4.0,43.0,15.0,6.0,3.0,47.0,32.0,65,44,35,18,3.0,3.0,24.0,14.0,1.0,1.0,15.0,9.0,3,2
104,3,1,66,49,34,20,17.0,0.0,40.0,29.0,3.0,6.0,20.0,27.0,53,34,47,22,7.0,3.0,21.0,25.0,0.0,3.0,23.0,28.0,1,2
126,7,1,60,21,40,15,2.0,3.0,34.0,30.0,5.0,10.0,8.0,13.0,67,29,33,5,0.0,7.0,11.0,28.0,2.0,3.0,3.0,4.0,1,1
23,1,1,69,39,31,17,5.0,2.0,11.0,30.0,7.0,9.0,5.0,8.0,49,24,51,12,2.0,8.0,20.0,61.0,2.0,5.0,15.0,22.0,1,2
1,1,1,62,54,38,22,7.0,3.0,26.0,20.0,5.0,8.0,12.0,21.0,52,35,48,24,0.0,2.0,40.0,47.0,1.0,16.0,22.0,25.0,2,2
22,1,0,71,49,29,23,3.0,1.0,35.0,18.0,4.0,6.0,21.0,42.0,58,56,42,16,17.0,6.0,59.0,46.0,7.0,18.0,38.0,63.0,2,2
77,2,1,63,43,37,24,6.0,1.0,31.0,20.0,9.0,3.0,23.0,17.0,57,38,43,18,2.0,4.0,36.0,27.0,6.0,1.0,17.0,13.0,3,1
26,1,0,60,32,40,12,1.0,3.0,15.0,20.0,0.0,0.0,15.0,11.0,63,31,37,17,6.0,0.0,34.0,14.0,13.0,6.0,31.0,23.0,3,2
68,2,1,76,40,24,14,0.0,4.0,19.0,48.0,7.0,10.0,10.0,15.0,63,39,37,18,3.0,1.0,30.0,43.0,8.0,16.0,6.0,11.0,1,1
65,2,1,63,52,37,28,9.0,3.0,38.0,9.0,5.0,2.0,15.0,10.0,65,48,35,18,17.0,3.0,39.0,19.0,2.0,0.0,54.0,31.0,3,2
71,1,0,62,42,38,20,2.0,5.0,35.0,29.0,3.0,8.0,21.0,24.0,59,48,41,29,10.0,3.0,36.0,30.5,8.0,16.0,19.0,29.0,4,2
20,1,0,51,29,49,19,1.0,3.0,13.0,32.0,10.0,4.0,18.0,16.0,59,32,41,15,1.0,3.0,29.0,29.0,12.0,5.0,25.0,15.0,3,1
14,1,1,54,28,46,14,2.0,3.0,13.0,15.0,4.0,8.0,5.0,5.0,53,24,47,8,1.0,11.0,23.0,30.0,1.0,4.0,3.0,8.0,2,1
117,5,1,77,52,23,9,0.0,5.0,32.0,18.0,16.0,5.0,32.0,21.0,77,57,23,13,1.0,4.0,58.0,40.0,10.0,4.0,71.0,48.0,3,1
1,6,0,44,12,56,7,1.0,3.0,19.0,23.0,6.0,5.0,20.0,12.0,56,21,44,10,0.0,6.0,15.0,25.0,13.0,8.0,30.0,20.0,4,1
9,1,0,71,48,29,14,0.0,1.0,0.0,1.0,5.0,12.0,9.0,9.5,52,45,48,30,11.0,4.0,11.0,4.0,8.0,10.0,9.0,9.0,1,1
76,2,1,57,67,43,41,14.0,2.0,63.0,40.0,6.0,18.0,24.0,39.0,63,64,37,37,7.0,5.0,46.0,40.0,3.0,9.0,19.0,32.0,2,2
99,3,1,61,23,39,10,4.0,2.0,18.0,23.0,5.0,8.0,3.0,5.0,77,24,23,3,0.0,1.0,7.0,31.0,1.0,3.0,3.0,4.0,1,1
86,2,0,68,47,32,17,6.0,3.0,29.0,25.0,2.0,4.0,37.0,61.0,62,45,38,23,8.0,3.0,43.0,24.0,4.0,11.0,17.0,21.0,1,2
65,2,0,53,45,47,26,5.0,5.0,31.0,44.0,3.0,10.0,24.0,38.0,54,47,46,36,14.0,1.0,46.0,34.0,5.0,8.0,14.0,18.0,1,2
96,3,1,62,26,38,10,1.0,5.0,20.0,12.0,8.0,6.0,8.0,7.0,60,21,40,14,0.0,2.0,24.0,18.0,7.0,4.0,27.0,19.0,3,1
81,2,0,75,53,25,11,19.0,1.0,33.0,10.0,1.0,1.0,20.0,13.0,58,40,42,26,15.0,1.0,55.0,10.0,11.0,4.0,29.0,20.0,3,2
40,1,0,62,30,38,17,1.0,6.0,23.0,39.0,2.0,9.0,24.0,27.0,54,37,46,24,3.0,3.0,27.0,36.0,4.0,10.0,6.0,14.0,2,1
2,1,0,52,53,48,20,8.0,4.0,37.0,50.0,1.0,9.0,16.0,23.0,77,57,23,15,9.0,1.0,41.0,41.0,4.0,13.0,12.0,16.0,1,2
119,5,1,58,71,42,36,17.0,5.0,51.0,60.0,5.0,10.0,20.0,30.0,73,75,27,23,7.0,1.0,45.0,60.0,4.0,7.0,26.0,35.0,1,2
83,2,1,52,26,48,21,1.0,2.0,15.0,21.0,3.0,7.0,1.0,3.0,61,31,39,11,4.0,4.0,17.0,38.0,2.0,6.0,1.0,3.0,2,1
92,1,1,60,51,40,25,9.0,5.0,35.0,29.0,3.0,7.0,25.0,36.0,63,52,37,21,12.0,6.0,36.0,30.5,1.0,2.0,37.0,59.0,4,2
42,1,1,69,48,31,17,15.0,0.0,15.0,0.0,5.0,8.0,17.0,22.0,60,43,40,18,11.0,4.0,11.0,4.0,2.0,4.0,18.0,22.0,1,2
20,1,1,52,38,48,27,8.0,5.0,35.0,29.0,8.0,17.0,17.0,22.0,47,44,53,27,18.0,14.0,36.0,30.5,5.0,12.0,18.0,22.0,4,2
95,1,0,60,49,40,26,1.0,6.0,35.0,29.0,4.0,14.0,12.0,15.0,57,49,43,28,11.0,3.0,36.0,30.5,5.0,15.0,12.0,24.0,4,2
27,1,1,64,24,36,8,4.0,3.0,15.0,16.0,4.0,8.0,5.0,5.0,62,17,38,10,2.0,4.0,9.0,31.0,0.0,0.0,1.0,1.0,1,1
74,1,0,63,12,37,3,0.0,4.0,6.0,26.0,2.0,0.0,4.0,0.0,78,21,22,4,1.0,1.0,9.0,12.0,12.0,6.0,10.0,8.0,4,1
17,1,0,53,50,47,28,21.0,12.0,21.0,12.0,4.0,6.0,17.0,22.0,58,52,42,37,3.0,3.0,3.0,3.0,7.0,11.0,18.0,22.0,1,2
123,5,1,66,42,34,12,4.0,5.0,37.0,28.0,6.0,16.0,12.0,20.0,77,28,23,7,1.0,1.0,19.0,24.0,4.0,9.0,3.0,6.0,2,1
98,3,1,73,39,27,13,4.0,5.0,16.0,24.0,5.0,12.0,12.0,20.0,70,35,30,16,2.0,2.0,28.0,39.0,4.0,7.0,20.0,25.0,2,1
61,1,0,64,82,36,36,9.0,6.0,35.0,29.0,4.0,11.0,35.0,46.0,63,90,37,29,38.0,8.0,36.0,30.5,3.0,11.0,48.0,81.0,4,2
11,4,0,66,8,34,3,0.0,4.0,7.0,22.0,3.0,2.0,6.0,3.0,58,17,42,8,3.0,2.0,20.0,12.0,7.0,7.0,12.0,10.0,4,1
71,2,1,66,83,34,36,17.0,2.0,72.0,17.0,7.0,2.0,96.0,61.0,72,91,28,24,16.0,1.0,57.0,13.0,8.0,1.0,54.0,35.0,3,2
43,1,1,71,45,29,13,19.0,5.0,54.0,18.0,12.0,4.0,27.0,17.0,64,42,36,18,4.0,2.0,23.0,13.0,1.0,0.0,25.0,16.0,3,2
15,3,0,54,9,46,5,1.0,5.0,3.0,24.0,1.0,0.0,8.0,3.0,81,23,19,3,3.0,1.0,13.0,8.0,7.0,6.0,5.0,4.0,4,1
71,1,1,59,32,41,10,2.0,5.0,24.0,35.0,13.0,6.0,8.0,5.0,69,28,31,6,0.0,3.0,14.0,43.0,9.0,4.0,14.0,9.0,4,1
11,1,1,78,46,22,9,6.0,2.0,19.0,20.0,14.0,6.0,9.0,7.0,58,33,42,17,4.0,12.0,17.0,44.0,1.0,1.0,21.0,14.0,3,2
100,1,1,57,36,43,15,8.0,4.0,35.0,29.0,6.0,14.0,19.0,24.0,65,27,35,9,1.0,0.0,36.0,30.5,0.0,1.0,9.0,18.0,4,2
18,1,0,65,23,35,8,2.0,2.0,16.0,16.0,3.0,0.0,8.0,4.0,63,34,37,11,9.0,3.0,26.0,19.0,2.0,2.0,9.0,6.0,3,1
117,4,1,69,27,31,13,1.0,5.0,16.0,28.0,7.0,14.0,2.0,2.0,66,31,34,12,3.0,8.0,27.0,45.0,5.0,10.0,8.0,10.0,1,1
49,1,1,68,35,32,8,10.0,4.0,10.0,4.0,4.0,12.0,9.0,9.5,60,24,40,16,1.0,1.0,1.0,1.0,1.0,5.0,9.0,9.0,1,1
94,2,0,69,30,31,14,2.0,1.0,32.0,50.0,6.0,9.0,7.0,9.0,67,38,33,5,2.0,5.0,18.0,34.0,8.0,15.0,9.0,12.0,1,1
17,1,1,68,46,32,15,1.0,5.0,16.0,42.0,6.0,5.0,14.0,8.0,65,32,35,15,3.0,2.0,33.0,51.0,16.0,7.0,13.0,10.0,3,1
92,3,0,69,63,31,23,3.0,6.0,44.0,45.0,11.0,3.0,30.0,23.0,60,65,40,34,9.0,1.0,44.0,28.0,12.0,6.0,32.0,26.0,3,2
49,1,1,78,52,22,9,0.0,3.0,25.0,32.0,4.0,12.0,5.0,6.0,70,52,30,10,2.0,3.0,31.0,39.0,5.0,9.0,7.0,13.0,2,1
29,1,0,60,30,40,18,5.0,2.0,17.0,32.0,2.0,3.0,12.0,19.0,49,25,51,21,3.0,4.0,35.0,30.0,6.0,15.0,13.0,19.0,2,1
4,1,0,68,61,32,15,7.0,2.0,32.0,29.0,2.0,0.0,29.0,20.0,67,53,33,17,9.0,3.0,40.0,26.0,21.0,3.0,44.0,30.0,3,2
8,4,0,75,22,25,8,1.0,1.0,18.0,32.0,10.0,3.0,15.0,10.0,45,23,55,16,2.0,3.0,22.0,23.0,6.0,5.0,22.0,16.0,4,1
76,2,0,48,17,52,17,2.0,7.0,12.0,42.0,3.0,1.0,13.0,6.0,55,23,45,19,0.0,3.0,10.0,30.0,7.0,3.0,10.0,8.0,3,1
101,4,1,57,68,43,36,16.0,8.0,54.0,26.0,9.0,3.0,42.0,28.0,71,76,29,28,11.0,3.0,57.0,19.0,12.0,3.0,50.0,32.0,3,2
4,1,1,58,54,42,30,21.0,3.0,35.0,29.0,5.0,16.0,17.0,22.0,61,63,39,30,8.0,2.0,36.0,30.5,0.0,3.0,18.0,22.0,4,2
121,5,1,64,41,36,22,11.0,0.0,46.0,25.0,5.0,12.0,22.0,27.0,60,48,40,21,4.0,5.0,19.0,34.0,2.0,2.0,2.0,17.0,2,2
62,1,1,69,53,31,20,5.0,0.0,26.0,31.0,3.0,11.0,13.0,21.0,61,46,39,25,7.0,2.0,32.0,38.0,1.0,2.0,15.0,26.0,2,2
60,1,0,65,70,35,30,18.0,2.0,43.0,17.0,3.0,1.0,49.0,26.0,66,66,34,22,10.0,6.0,60.0,30.0,17.0,3.0,63.0,43.0,3,2
17,1,1,53,25,47,15,5.0,5.0,27.0,44.0,10.0,20.0,7.0,14.0,71,31,29,10,1.0,4.0,29.0,47.0,8.0,13.0,9.0,17.0,1,1
17,1,0,55,53,45,32,5.0,7.0,56.0,41.0,4.0,5.0,19.0,35.0,65,59,35,21,5.0,4.0,38.0,20.0,6.0,19.0,11.0,16.0,2,2
17,3,0,58,22,42,8,3.0,6.0,17.0,35.0,5.0,3.0,17.0,9.0,51,25,49,16,0.0,0.0,14.0,23.0,16.0,5.0,17.0,12.0,4,1
22,1,0,80,21,20,2,2.0,1.0,23.0,38.0,3.0,7.0,9.0,23.0,82,26,18,3,1.0,0.0,10.0,13.0,7.0,10.0,10.0,14.0,1,1
30,1,1,60,34,40,16,11.0,6.0,43.0,18.0,11.0,7.0,37.0,28.0,69,28,31,9,5.0,2.0,20.0,21.0,3.0,2.0,9.0,4.0,3,2
3,1,0,52,41,48,19,13.0,8.0,35.0,29.0,2.0,9.0,17.0,22.0,55,52,45,27,16.0,3.0,36.0,30.5,6.0,9.0,18.0,22.0,4,2
70,2,0,70,28,30,7,0.0,2.0,10.0,14.0,2.0,2.0,5.0,7.0,57,22,43,15,1.0,1.0,30.0,25.0,5.0,13.0,10.0,13.0,2,1
80,2,0,61,9,39,6,1.0,1.0,10.0,17.0,0.0,0.0,6.0,3.0,44,15,56,13,0.0,3.0,13.0,7.0,9.0,5.0,6.0,4.0,3,1
87,2,1,65,23,35,11,2.0,1.0,14.0,5.0,5.0,8.0,5.0,7.0,73,17,27,5,1.0,0.0,23.0,28.0,2.0,5.0,9.0,19.0,2,1
48,2,0,52,13,48,10,3.0,2.0,3.0,2.0,0.0,0.0,9.0,9.5,55,21,45,11,4.0,2.0,4.0,2.0,5.0,4.0,9.0,9.0,4,1
66,2,1,57,41,43,26,4.0,1.0,54.0,41.0,10.0,17.0,16.0,22.0,56,37,44,19,2.0,4.0,23.0,39.0,2.0,5.0,8.0,14.0,2,2
84,2,0,63,66,37,24,12.0,8.0,12.0,8.0,3.0,4.0,17.0,22.0,58,49,42,34,16.0,5.0,16.0,5.0,5.0,14.0,18.0,22.0,1,2
4,1,0,73,34,27,12,2.0,2.0,24.0,28.0,4.0,1.0,12.0,7.0,66,33,34,15,6.0,0.0,31.0,19.0,9.0,3.0,35.0,24.0,3,1
24,1,0,68,9,32,3,0.0,1.0,12.0,18.0,5.0,1.0,15.0,8.0,72,29,28,2,3.0,3.0,12.0,7.0,8.0,6.0,9.0,6.0,3,1
14,1,0,51,14,49,12,2.0,3.0,8.0,36.0,3.0,5.0,5.0,11.0,61,23,39,7,2.0,0.0,15.0,23.0,6.0,7.0,7.0,12.0,1,1
87,2,0,56,9,44,3,0.0,5.0,8.0,12.0,4.0,2.0,10.0,6.0,69,20,31,11,3.0,2.0,22.0,10.0,6.0,6.0,12.0,12.0,3,1
26,1,1,63,33,37,17,1.0,0.0,25.0,8.0,7.0,12.0,11.0,20.0,46,19,54,11,3.0,4.0,13.0,27.0,1.0,5.0,7.0,22.0,2,2
86,1,1,55,63,45,34,9.0,2.0,35.0,29.0,5.0,17.0,17.0,22.0,55,67,45,30,15.0,8.0,36.0,30.5,4.0,10.0,18.0,22.0,4,2
83,2,1,64,51,36,18,14.0,6.0,47.0,28.0,3.0,9.0,16.0,24.0,45,31,55,34,9.0,5.0,19.0,29.0,1.0,4.0,13.0,18.0,1,2
37,1,1,72,25,28,8,2.0,4.0,22.0,30.0,15.0,5.0,5.0,3.0,61,23,39,11,2.0,2.0,15.0,27.0,5.0,3.0,9.0,8.0,3,1
0,1,0,59,29,41,14,5.0,1.0,26.0,18.0,5.0,1.0,28.0,19.0,57,39,43,20,11.0,2.0,38.0,16.0,10.0,5.0,23.0,17.0,3,2
31,1,0,66,91,34,33,11.0,2.0,72.0,57.0,1.0,5.0,35.0,50.0,72,104,28,27,26.0,3.0,66.0,44.0,3.0,8.0,15.0,21.0,2,2
100,3,0,65,28,35,10,3.0,3.0,28.0,32.0,6.0,16.0,7.0,10.0,69,40,31,11,0.0,10.0,41.0,31.0,9.0,20.0,23.0,32.0,2,1
57,1,0,63,38,37,17,6.0,3.0,36.0,34.0,1.0,11.0,14.0,15.0,71,51,29,19,5.0,3.0,27.0,22.0,3.0,5.0,14.0,25.0,2,2
54,1,1,62,17,48,11,2.0,2.0,16.0,17.0,9.0,7.0,7.0,4.0,63,13,47,4,0.0,5.0,8.0,22.0,5.0,2.0,5.0,3.0,4,1
26,1,0,62,16,38,10,3.0,3.0,16.0,12.0,3.0,1.0,13.0,9.0,77,28,23,7,1.0,0.0,18.0,9.0,6.0,4.0,7.0,5.0,3,1
83,2,0,63,34,37,10,1.0,4.0,23.0,47.0,2.0,2.0,9.0,10.0,58,29,42,16,0.0,3.0,10.0,19.0,6.0,15.0,1.0,2.0,1,1
28,1,1,76,44,24,15,2.0,2.0,33.0,28.0,12.0,3.0,15.0,6.0,72,43,28,13,7.0,6.0,34.0,46.0,6.0,1.0,25.0,16.0,3,1
28,1,0,59,43,41,25,2.0,5.0,26.0,21.0,2.0,2.0,25.0,14.0,63,51,37,18,26.0,3.0,64.0,21.0,13.0,6.0,33.0,21.0,3,2
8,1,0,79,15,21,3,0.0,1.0,8.0,20.0,0.0,1.0,4.0,7.0,59,19,41,12,1.0,0.0,21.0,18.0,5.0,8.0,7.0,10.0,2,1
38,2,1,46,14,54,18,2.0,2.0,10.0,18.0,12.0,5.0,5.0,5.0,74,21,26,6,0.0,4.0,14.0,27.0,2.0,2.0,7.0,5.0,4,1
35,1,0,58,40,42,17,3.0,11.0,35.0,29.0,2.0,10.0,16.0,25.0,65,45,35,13,9.0,4.0,36.0,30.5,6.0,16.0,12.0,20.0,4,2
19,1,0,61,35,39,20,6.0,3.0,6.0,3.0,2.0,7.0,9.0,9.5,59,37,41,21,3.0,4.0,3.0,4.0,4.0,8.0,9.0,9.0,1,1
105,3,1,72,54,28,11,7.0,5.0,35.0,23.0,4.0,10.0,14.0,17.0,53,32,47,21,6.0,4.0,36.0,38.0,0.0,3.0,18.0,29.0,1,2
58,1,0,55,51,45,22,14.0,2.0,44.0,50.0,3.0,7.0,8.0,11.0,51,47,49,28,8.0,6.0,38.0,42.0,4.0,8.0,7.0,13.0,2,2
96,3,0,65,41,35,10,5.0,1.0,14.0,26.0,1.0,1.0,3.0,9.0,63,38,37,20,6.0,1.0,31.0,23.0,5.0,8.0,16.0,21.0,1,2
17,1,0,69,18,31,7,2.0,1.0,13.0,24.0,0.0,3.0,5.0,11.0,83,28,17,5,1.0,1.0,19.0,13.0,5.0,11.0,5.0,7.0,2,1
45,1,1,51,38,49,23,5.0,13.0,27.0,47.0,4.0,12.0,3.0,7.0,63,35,37,12,2.0,3.0,13.0,34.0,2.0,7.0,4.0,4.0,1,1
122,5,1,73,66,27,22,3.0,7.0,42.0,47.0,4.0,11.0,32.0,36.0,58,64,42,32,16.0,5.0,54.0,61.0,3.0,6.0,28.0,41.0,1,2
2,1,1,62,53,38,15,4.0,6.0,42.0,55.0,10.0,22.0,14.0,32.0,46,42,54,31,6.0,8.0,39.0,54.0,10.0,18.0,19.0,27.0,2,2
58,1,0,67,56,33,18,11.0,6.0,38.0,56.0,1.0,4.0,13.0,15.0,73,58,27,16,0.0,5.0,34.0,33.0,2.0,7.0,29.0,40.0,1,2
15,1,1,48,35,52,25,8.0,4.0,35.0,29.0,6.0,9.0,16.0,24.0,54,30,46,15,3.0,8.0,36.0,30.5,2.0,9.0,10.0,18.0,4,2
68,2,0,77,48,23,11,6.0,1.0,39.0,43.0,4.0,5.0,9.0,12.0,58,41,42,21,9.0,5.0,33.0,37.0,6.0,11.0,10.0,15.0,1,2
88,2,1,65,28,35,10,4.0,1.0,24.0,10.0,6.0,5.0,10.0,8.0,74,14,26,4,2.0,2.0,10.0,17.0,4.0,1.0,15.0,5.0,3,1
96,3,1,65,61,35,20,7.0,4.0,32.0,36.0,4.0,10.0,13.0,21.0,59,43,41,27,6.0,4.0,34.0,56.0,2.0,9.0,20.0,29.0,2,2
0,1,0,62,27,38,11,1.0,3.0,12.0,29.0,1.0,3.0,9.0,20.0,68,33,32,14,10.0,0.0,33.0,19.0,7.0,7.0,14.0,18.0,2,2
63,1,1,73,23,27,7,7.0,1.0,25.0,11.0,6.0,5.0,13.0,9.0,48,12,52,12,1.0,1.0,5.0,6.0,1.0,1.0,7.0,3.0,3,1
112,4,0,66,43,34,13,13.0,4.0,22.0,31.0,2.0,3.0,10.0,15.0,53,31,47,21,1.0,2.0,33.0,27.0,4.0,14.0,10.0,13.0,1,1
82,1,0,69,87,31,30,8.0,9.0,35.0,29.0,6.0,14.0,24.0,33.0,63,73,37,26,21.0,3.0,36.0,30.5,5.0,16.0,28.0,44.0,4,2
16,1,0,52,29,48,17,6.0,7.0,18.0,20.0,1.0,0.0,15.0,11.0,68,35,32,14,5.0,0.0,27.0,18.0,8.0,1.0,9.0,4.0,3,1
35,1,1,54,28,46,13,2.0,4.0,29.0,16.0,8.0,6.0,8.0,5.0,63,15,37,8,0.0,3.0,15.0,18.0,10.0,3.0,8.0,5.0,3,1
10,1,1,75,44,25,12,1.0,1.0,35.0,29.0,6.0,10.0,17.0,22.0,57,28,43,10,7.0,2.0,36.0,30.5,1.0,4.0,18.0,22.0,4,2
77,1,0,61,48,39,25,3.0,3.0,35.0,29.0,3.0,3.0,25.0,41.0,58,44,42,26,13.0,2.0,36.0,30.5,7.0,23.0,14.0,20.0,4,2
113,4,1,63,73,37,31,8.0,2.0,42.0,39.0,7.0,20.0,23.0,27.0,63,71,37,31,7.0,1.0,69.0,67.0,6.0,13.0,19.0,30.0,2,2
98,3,1,65,70,35,21,16.0,3.0,51.0,38.0,3.0,7.0,18.0,25.0,62,61,38,28,4.0,5.0,62.0,34.0,3.0,9.0,44.0,57.0,1,2
8,1,0,66,23,34,7,3.0,3.0,20.0,28.0,3.0,10.0,7.0,12.0,68,26,32,10,0.0,2.0,26.0,25.0,5.0,7.0,1.0,2.0,1,1
1,1,0,69,23,31,6,0.0,0.0,12.0,10.0,1.0,1.0,14.0,10.0,53,18,47,15,4.0,4.0,22.0,14.0,6.0,5.0,14.0,11.0,3,1
23,1,1,58,29,42,16,4.0,3.0,30.0,25.0,7.0,3.0,18.0,13.0,56,24,44,14,1.0,5.0,22.0,13.0,3.0,1.0,14.0,10.0,3,1
15,1,1,69,35,31,13,5.0,6.0,29.0,32.0,9.0,16.0,4.0,11.0,56,27,44,12,1.0,7.0,33.0,32.0,6.0,13.0,11.0,15.0,2,1
20,3,0,73,43,27,10,1.0,3.0,27.0,32.0,17.0,8.0,20.0,12.0,61,41,39,21,1.0,4.0,32.0,58.0,11.0,7.0,35.0,27.0,4,1
64,2,1,64,29,36,14,2.0,1.0,20.0,10.0,9.0,4.0,15.0,10.0,53,14,47,9,0.0,2.0,13.0,16.0,8.0,1.0,15.0,10.0,3,1
46,1,1,57,63,43,34,18.0,9.0,54.0,68.0,11.0,26.0,8.0,11.0,67,67,33,22,11.0,2.0,39.0,73.0,7.0,20.0,10.0,17.0,1,2
122,1,0,63,37,37,22,5.0,4.0,35.0,29.0,0.0,0.0,10.0,22.0,55,37,45,20,4.0,4.0,36.0,30.5,4.0,11.0,31.0,42.0,4,2
83,2,0,48,39,52,24,5.0,5.0,24.0,47.0,6.0,10.0,8.0,13.0,63,45,37,19,4.0,5.0,43.0,56.0,11.0,23.0,16.0,19.0,2,2
59,1,1,61,26,39,8,5.0,5.0,27.0,21.0,5.0,12.0,12.0,18.0,48,20,52,11,1.0,4.0,17.0,24.0,2.0,4.0,4.0,5.0,1,1
62,1,1,64,33,36,11,4.0,0.0,22.0,20.0,4.0,2.0,16.0,8.0,70,25,30,10,1.0,2.0,13.0,14.0,2.0,0.0,9.0,6.0,3,1
53,1,0,54,12,46,6,0.0,6.0,5.0,22.0,1.0,1.0,3.0,8.0,73,19,27,6,2.0,0.0,14.0,13.0,6.0,12.0,8.0,9.0,2,1
24,3,1,75,42,25,12,1.0,1.0,13.0,15.0,5.0,3.0,14.0,7.0,53,30,47,13,4.0,3.0,32.0,41.0,10.0,2.0,29.0,19.0,4,1
55,1,1,64,56,36,17,21.0,7.0,48.0,29.0,7.0,20.0,21.0,30.0,56,43,44,25,5.0,5.0,22.0,33.0,3.0,6.0,8.0,12.0,1,2
90,1,1,52,48,48,27,5.0,7.0,35.0,29.0,7.0,13.0,23.0,33.0,56,41,44,24,7.0,4.0,36.0,30.5,5.0,18.0,13.0,22.0,4,2
68,1,0,68,51,32,17,3.0,4.0,35.0,29.0,4.0,10.0,14.0,25.0,62,54,38,25,7.0,9.0,36.0,30.5,4.0,7.0,22.0,28.0,4,2
32,1,0,52,11,48,2,2.0,7.0,7.0,26.0,2.0,3.0,3.0,6.0,85,18,15,3,2.0,0.0,14.0,15.0,7.0,9.0,3.0,7.0,2,1
73,2,1,64,38,36,11,1.0,6.0,22.0,17.0,12.0,5.0,16.0,12.0,64,26,36,11,4.0,3.0,31.0,20.0,12.0,3.0,13.0,9.0,3,1
43,1,0,54,22,46,14,10.0,4.0,39.0,56.0,2.0,9.0,6.0,15.0,76,41,24,13,0.0,2.0,13.0,18.0,5.0,9.0,5.0,6.0,2,1
88,2,1,69,88,31,23,12.0,6.0,72.0,59.0,5.0,8.0,20.0,28.0,72,76,28,21,28.0,2.0,53.0,41.0,4.0,17.0,13.0,25.0,1,2
0,1,1,59,20,41,8,6.0,2.0,31.0,17.0,5.0,10.0,10.0,11.0,51,14,49,11,1.0,4.0,5.0,18.0,0.0,0.0,2.0,4.0,1,1
79,2,1,59,28,41,10,1.0,7.0,23.0,33.0,18.0,7.0,8.0,7.0,66,23,34,9,0.0,4.0,9.0,27.0,14.0,6.0,3.0,2.0,3,1
113,4,0,57,32,43,16,9.0,4.0,27.0,24.0,3.0,1.0,11.0,7.0,60,44,40,14,9.0,5.0,28.0,18.0,5.0,2.0,5.0,3.0,3,1
48,1,1,64,37,36,11,4.0,5.0,25.0,22.0,7.0,13.0,7.0,12.0,53,23,47,13,1.0,3.0,11.0,25.0,1.0,3.0,5.0,8.0,2,2
99,4,0,61,36,39,16,1.0,1.0,33.0,20.0,5.0,2.0,55.0,39.0,63,55,37,16,15.0,4.0,45.0,16.0,10.0,5.0,42.0,31.0,3,2
34,2,1,66,52,34,21,7.0,5.0,34.0,57.0,10.0,3.0,13.0,6.0,59,44,41,20,5.0,2.0,27.0,47.0,19.0,2.0,19.0,14.0,4,1
69,2,0,58,37,42,21,3.0,6.0,31.0,31.0,9.0,2.0,17.0,12.0,68,49,32,16,7.0,2.0,30.0,14.0,11.0,5.0,5.0,4.0,3,1
102,4,1,67,72,33,25,26.0,7.0,62.0,34.0,16.0,3.0,87.0,56.0,59,69,41,35,13.0,3.0,51.0,24.0,5.0,2.0,39.0,24.0,3,2
102,3,0,76,46,24,9,3.0,0.0,36.0,38.0,2.0,3.0,11.0,18.0,68,40,32,19,5.0,3.0,27.0,18.0,5.0,10.0,17.0,31.0,2,2
102,3,1,63,21,37,6,4.0,4.0,21.0,16.0,7.0,13.0,6.0,9.0,62,16,38,8,0.0,6.0,18.0,29.0,4.0,5.0,8.0,23.0,1,1
123,1,1,67,64,33,25,9.0,6.0,35.0,29.0,4.0,19.0,29.0,40.0,50,68,50,48,8.0,7.0,36.0,30.5,5.0,9.0,26.0,41.0,4,2
6,1,1,67,18,33,8,0.0,0.0,8.0,10.0,6.0,11.0,3.0,3.0,50,8,50,4,2.0,6.0,7.0,34.0,0.0,2.0,3.0,7.0,1,1
91,2,0,70,29,30,10,1.0,3.0,13.0,18.0,2.0,3.0,5.0,7.0,68,34,32,8,3.0,1.0,33.0,32.0,3.0,7.0,2.0,5.0,2,1
85,2,0,57,51,43,21,8.0,3.0,37.0,51.0,2.0,6.0,17.0,33.0,74,60,26,17,7.0,4.0,34.0,36.0,4.0,11.0,5.0,11.0,2,2
66,1,0,65,43,35,18,1.0,2.0,15.0,37.0,15.0,4.0,18.0,10.0,58,48,42,26,6.0,6.0,38.0,55.0,9.0,4.0,19.0,13.0,4,1
39,1,1,69,74,31,24,9.0,3.0,55.0,50.0,4.0,15.0,35.0,56.0,69,70,31,25,7.0,2.0,38.0,30.0,1.0,4.0,20.0,33.0,2,2
56,1,1,67,36,33,15,3.0,0.0,35.0,29.0,6.0,8.0,19.0,26.0,63,31,37,12,2.0,6.0,36.0,30.5,1.0,2.0,33.0,60.0,4,2
63,1,1,73,21,27,7,8.0,1.0,27.0,14.0,5.0,11.0,1.0,1.0,58,11,42,6,0.0,3.0,4.0,22.0,0.0,0.0,0.0,0.0,2,1
99,3,0,57,49,43,29,16.0,1.0,50.0,38.0,1.0,4.0,13.0,27.0,69,54,31,19,8.0,2.0,31.0,15.0,3.0,12.0,10.0,12.0,2,2
89,2,0,64,88,36,32,9.0,9.0,52.0,37.0,1.0,7.0,13.0,26.0,65,81,35,37,15.0,2.0,61.0,52.0,5.0,18.0,39.0,56.0,2,2
51,1,0,68,34,32,12,2.0,1.0,34.0,22.0,11.0,4.0,13.0,3.0,72,50,28,10,2.0,7.0,39.0,35.0,9.0,6.0,64.0,42.0,3,1
56,1,0,61,69,39,29,14.0,9.0,46.0,63.0,3.0,9.0,16.0,30.0,66,68,34,25,6.0,6.0,44.0,50.0,7.0,15.0,11.0,16.0,1,2
85,2,1,58,56,42,30,13.0,8.0,43.0,28.0,6.0,17.0,13.0,15.0,58,50,42,24,12.0,6.0,46.0,63.0,2.0,7.0,22.0,36.0,1,2
109,3,1,68,39,32,13,2.0,0.0,13.0,22.0,7.0,16.0,6.0,13.0,69,33,31,9,0.0,2.0,18.0,48.0,1.0,5.0,8.0,12.0,2,2
110,3,1,69,31,31,10,1.0,0.0,24.0,32.0,4.0,9.0,10.0,13.0,57,23,43,15,0.0,4.0,12.0,27.0,2.0,3.0,9.0,17.0,1,1
47,2,1,59,28,41,17,8.0,2.0,23.0,21.0,2.0,1.0,5.0,4.0,64,31,36,17,7.0,3.0,20.0,23.0,2.0,2.0,10.0,7.0,4,1
44,1,0,85,46,15,7,0.0,1.0,26.0,22.0,13.0,6.0,48.0,23.0,68,39,32,17,1.0,0.0,44.0,39.0,16.0,7.0,66.0,42.0,3,1
108,4,1,70,40,30,10,5.0,3.0,23.0,21.0,2.0,2.0,18.0,11.0,66,31,34,11,1.0,1.0,10.0,12.0,6.0,1.0,11.0,9.0,3,1
8,1,0,56,27,44,13,0.0,6.0,12.0,28.0,1.0,2.0,11.0,18.0,50,26,50,20,5.0,1.0,35.0,15.0,7.0,12.0,13.0,21.0,2,2
86,2,1,58,35,42,15,6.0,5.0,24.0,14.0,4.0,2.0,16.0,11.0,74,30,26,9,4.0,1.0,17.0,16.0,3.0,0.0,8.0,4.0,3,1
79,2,0,63,34,37,17,3.0,5.0,20.0,34.0,5.0,9.0,2.0,9.0,54,35,46,18,3.0,3.0,32.0,37.0,7.0,14.0,5.0,5.0,2,1
105,3,1,78,52,22,14,5.0,1.0,24.0,40.0,5.0,18.0,15.0,20.0,67,47,33,26,3.0,2.0,47.0,59.0,3.0,11.0,17.0,31.0,2,2
68,2,0,55,27,45,16,6.0,4.0,25.0,22.0,0.0,1.0,7.0,15.0,75,40,25,6,0.0,4.0,26.0,22.0,2.0,10.0,14.0,17.0,2,1
87,2,1,59,35,41,17,5.0,5.0,25.0,31.0,8.0,17.0,7.0,7.0,55,25,45,20,2.0,7.0,22.0,55.0,3.0,4.0,12.0,20.0,1,2
83,2,0,59,37,41,16,11.0,4.0,38.0,21.0,5.0,2.0,24.0,18.0,72,54,28,13,4.0,0.0,33.0,12.0,8.0,5.0,19.0,15.0,3,2
70,1,0,60,45,40,17,7.0,5.0,35.0,29.0,0.0,5.0,17.0,22.0,57,42,43,29,7.0,0.0,36.0,30.5,3.0,3.0,18.0,22.0,4,2
74,2,1,62,34,38,20,1.0,7.0,39.0,39.0,9.0,18.0,28.0,47.0,53,33,47,13,1.0,5.0,33.0,40.0,6.0,17.0,27.0,41.0,2,1
74,2,1,71,31,29,7,1.0,3.0,30.0,13.0,8.0,4.0,15.0,14.0,69,15,31,8,0.0,1.0,6.0,10.0,6.0,0.0,8.0,4.0,3,1
71,2,1,56,57,44,31,9.0,4.0,61.0,46.0,6.0,17.0,23.0,29.0,60,56,40,25,1.0,3.0,26.0,37.0,2.0,7.0,24.0,39.0,1,2
13,1,1,83,51,17,6,6.0,0.0,27.0,18.0,5.0,14.0,5.0,6.0,55,36,45,18,8.0,5.0,32.0,29.0,1.0,3.0,12.0,20.0,2,2
118,5,1,59,26,41,10,3.0,4.0,23.0,19.0,5.0,4.0,12.0,9.0,67,25,33,9,3.0,3.0,13.0,23.0,2.0,1.0,19.0,9.0,3,1
88,2,1,66,28,34,8,1.0,1.0,18.0,13.0,5.0,8.0,11.0,14.0,70,20,30,6,0.0,1.0,18.0,26.0,1.0,2.0,13.0,18.0,1,1
3,1,1,77,40,23,12,6.0,0.0,25.0,11.0,14.0,5.0,14.0,11.0,79,35,21,8,1.0,4.0,16.0,27.0,0.0,0.0,22.0,13.0,3,2
6,1,1,66,23,34,8,6.0,2.0,29.0,10.0,5.0,6.0,5.0,9.0,69,11,31,6,1.0,1.0,7.0,13.0,1.0,5.0,2.0,6.0,2,1
105,3,0,59,24,41,12,1.0,2.0,21.0,31.0,3.0,5.0,7.0,12.0,72,39,28,8,3.0,1.0,21.0,29.0,5.0,10.0,7.0,9.0,2,1
22,3,0,55,14,45,6,0.0,1.0,12.0,34.0,7.0,2.0,17.0,11.0,70,25,30,8,2.0,2.0,12.0,15.0,9.0,6.0,8.0,5.0,4,1
45,1,1,63,39,37,19,9.0,6.0,9.0,6.0,5.0,12.0,17.0,22.0,72,47,28,12,10.0,5.0,10.0,5.0,0.0,2.0,18.0,22.0,1,2
70,2,1,65,44,35,19,8.0,1.0,35.0,36.0,4.0,7.0,18.0,22.0,61,41,39,25,1.0,2.0,24.0,35.0,1.0,1.0,21.0,29.0,2,2
125,7,0,78,50,22,10,1.0,3.0,19.0,32.0,2.0,6.0,5.0,8.0,55,46,45,22,19.0,2.0,53.0,49.0,5.0,15.0,11.0,12.0,1,2
4,5,0,58,14,42,5,3.0,3.0,19.0,18.0,4.0,3.0,10.0,5.0,60,20,40,9,1.0,4.0,17.0,15.0,11.0,7.0,13.0,12.0,4,1
20,1,0,41,21,59,17,1.0,7.0,20.0,26.0,4.0,12.0,14.0,28.0,45,31,55,23,5.0,9.0,34.0,28.0,6.0,8.0,21.0,28.0,2,1
120,1,0,52,20,48,9,3.0,4.0,35.0,29.0,0.0,0.0,7.0,15.0,61,31,39,14,2.0,0.0,36.0,30.5,7.0,10.0,15.0,16.0,4,2
21,1,0,86,18,14,3,0.0,1.0,0.0,1.0,2.0,4.0,9.0,9.5,53,18,47,13,3.0,3.0,3.0,3.0,6.0,7.0,9.0,9.0,1,1
40,1,1,73,33,27,4,13.0,1.0,32.0,6.0,7.0,3.0,5.0,4.0,60,20,40,8,6.0,0.0,17.0,11.0,1.0,0.0,9.0,4.0,3,1
115,4,1,69,39,31,16,1.0,0.0,20.0,25.0,5.0,8.0,6.0,8.0,65,27,35,15,0.0,1.0,14.0,39.0,0.0,4.0,8.0,16.0,2,2
42,1,1,75,46,25,9,3.0,4.0,16.0,18.0,3.0,9.0,7.0,12.0,55,29,45,19,1.0,2.0,29.0,37.0,2.0,9.0,5.0,10.0,2,1
50,1,1,65,70,35,20,11.0,5.0,71.0,52.0,6.0,20.0,26.0,37.0,56,49,44,27,2.0,4.0,28.0,39.0,3.0,12.0,11.0,24.0,2,2
66,2,1,72,45,28,11,19.0,4.0,30.0,21.0,5.0,9.0,6.0,11.0,46,23,54,21,7.0,4.0,19.0,41.0,1.0,3.0,6.0,11.0,1,2
12,1,1,64,30,36,16,1.0,4.0,1.0,4.0,5.0,11.0,9.0,9.5,57,21,43,12,1.0,6.0,1.0,6.0,2.0,7.0,9.0,9.0,1,1
5,1,1,74,27,26,11,2.0,0.0,38.0,15.0,6.0,9.0,14.0,21.0,72,28,28,9,2.0,5.0,21.0,17.0,3.0,8.0,5.0,9.0,2,1
1,1,1,57,23,43,17,3.0,1.0,37.0,21.0,4.0,10.0,16.0,20.0,66,28,34,6,1.0,2.0,13.0,21.0,1.0,3.0,4.0,8.0,2,1
111,1,0,52,25,48,12,5.0,6.0,35.0,29.0,0.0,3.0,13.0,20.0,58,39,42,14,11.0,1.0,36.0,30.5,6.0,14.0,13.0,17.0,4,2
5,1,0,65,51,35,22,9.0,3.0,35.0,41.0,2.0,7.0,6.0,12.0,63,60,37,22,24.0,4.0,47.0,45.0,4.0,7.0,14.0,17.0,1,2
7,1,1,68,31,32,12,2.0,1.0,23.0,13.0,5.0,3.0,12.0,11.0,52,21,48,17,1.0,4.0,21.0,25.0,2.0,0.0,9.0,7.0,3,1
37,1,1,74,33,26,6,1.0,4.0,1.0,4.0,5.0,6.0,9.0,9.5,57,22,43,10,2.0,3.0,2.0,3.0,2.0,6.0,9.0,9.0,1,1
118,4,1,73,34,27,11,2.0,1.0,9.0,15.0,4.0,9.0,4.0,7.0,56,18,44,10,3.0,3.0,23.0,44.0,0.0,6.0,6.0,14.0,1,1
97,3,0,68,42,32,22,3.0,2.0,21.0,30.0,1.0,4.0,11.0,16.0,58,47,42,23,6.0,3.0,46.0,40.0,4.0,9.0,16.0,23.0,1,1
109,5,0,68,45,32,17,8.0,2.0,41.0,22.0,2.0,0.0,31.0,25.0,72,55,28,11,12.0,0.0,42.0,11.0,8.0,3.0,21.0,17.0,3,2
6,1,0,63,71,37,38,5.0,5.0,45.0,80.0,5.0,12.0,28.0,41.0,59,67,41,27,5.0,6.0,54.0,57.0,6.0,20.0,14.0,22.0,2,2
84,1,1,60,51,40,20,15.0,9.0,35.0,29.0,6.0,10.0,15.0,20.0,68,44,32,13,4.0,5.0,36.0,30.5,4.0,13.0,11.0,23.0,4,2
39,1,0,77,12,23,1,1.0,3.0,5.0,25.0,0.0,2.0,5.0,8.0,61,21,39,9,3.0,2.0,13.0,14.0,5.0,9.0,1.0,2.0,1,1
31,1,0,75,28,25,6,0.0,3.0,13.0,15.0,6.0,1.0,11.0,7.0,68,28,32,13,4.0,3.0,38.0,17.0,8.0,4.0,18.0,12.0,3,1
93,2,1,72,38,28,10,1.0,2.0,29.0,26.0,7.0,16.0,17.0,23.0,57,26,43,12,1.0,4.0,10.0,34.0,0.0,1.0,3.0,7.0,2,2
26,1,1,55,60,45,31,20.0,3.0,20.0,3.0,5.0,12.0,17.0,22.0,65,57,35,30,8.0,0.0,8.0,0.0,3.0,8.0,18.0,22.0,1,2
70,2,1,71,34,29,16,0.0,2.0,13.0,9.0,6.0,3.0,2.0,1.0,60,20,40,9,6.0,5.0,21.0,18.0,7.0,1.0,7.0,5.0,3,1
65,2,0,65,12,35,7,1.0,2.0,18.0,31.0,3.0,8.0,7.0,9.0,73,26,27,7,0.0,0.0,20.0,14.0,7.0,9.0,3.0,5.0,2,1
9,1,1,61,44,39,24,3.0,2.0,29.0,25.0,5.0,3.0,20.0,17.0,59,49,41,21,3.0,4.0,34.0,30.0,6.0,3.0,25.0,21.0,3,1
69,1,1,61,27,39,13,3.0,3.0,28.0,32.0,7.0,4.0,25.0,20.0,52,16,48,12,1.0,4.0,7.0,18.0,6.0,1.0,8.0,4.0,4,1
93,2,0,57,57,43,33,12.0,10.0,47.0,65.0,6.0,18.0,9.0,15.0,61,71,39,29,6.0,15.0,47.0,78.0,6.0,15.0,31.0,48.0,1,2
72,1,1,52,27,48,22,6.0,2.0,35.0,29.0,7.0,13.0,28.0,40.0,84,36,16,2,1.0,2.0,36.0,30.5,1.0,3.0,7.0,17.0,4,2
101,3,1,56,17,44,13,2.0,1.0,17.0,35.0,6.0,9.0,9.0,10.0,70,23,30,8,1.0,3.0,9.0,34.0,4.0,4.0,4.0,11.0,1,1
39,1,1,62,37,38,23,15.0,1.0,36.0,25.0,5.0,13.0,12.0,15.0,57,35,43,20,2.0,6.0,28.0,39.0,1.0,2.0,20.0,31.0,1,2
67,1,0,64,32,36,17,2.0,5.0,35.0,29.0,1.0,7.0,10.0,19.0,63,44,37,12,9.0,2.0,36.0,30.5,6.0,18.0,33.0,56.0,4,2
99,1,0,51,50,49,27,4.0,3.0,35.0,29.0,6.0,8.0,15.0,27.0,60,47,40,20,7.0,2.0,36.0,30.5,8.0,26.0,15.0,19.0,4,2
91,3,0,56,28,44,19,2.0,5.0,24.0,22.0,8.0,5.0,20.0,13.0,56,30,44,16,0.0,2.0,23.0,19.0,5.0,4.0,30.0,22.0,3,1
117,4,1,57,21,43,15,1.0,1.0,18.0,5.0,5.0,9.0,9.0,12.0,50,19,50,15,1.0,9.0,29.0,33.0,2.0,5.0,8.0,17.0,2,1
100,4,1,64,42,36,18,9.0,4.0,42.0,13.0,14.0,4.0,21.0,13.0,67,43,33,15,9.0,3.0,26.0,12.0,2.0,1.0,51.0,31.0,3,2
47,1,0,57,27,43,10,4.0,8.0,18.0,30.0,2.0,6.0,7.0,9.0,53,31,47,13,5.0,9.0,29.0,28.0,4.0,8.0,3.0,7.0,1,1
32,1,0,58,30,42,8,7.0,4.0,29.0,23.0,6.0,1.0,16.0,9.0,73,45,27,12,10.0,1.0,34.0,10.0,8.0,6.0,11.0,9.0,3,2
25,1,1,53,32,47,23,4.0,2.0,26.0,29.0,7.0,18.0,11.0,11.0,57,31,43,18,5.0,7.0,38.0,45.0,6.0,10.0,11.0,21.0,2,1
48,1,0,51,46,49,27,5.0,9.0,35.0,29.0,6.0,10.0,17.0,22.0,52,43,48,27,13.0,9.0,36.0,30.5,8.0,16.0,18.0,22.0,4,2
32,1,1,60,23,40,11,6.0,6.0,20.0,19.0,5.0,8.0,2.0,4.0,52,12,48,5,1.0,3.0,10.0,26.0,1.0,8.0,0.0,2.0,1,1
124,6,1,65,41,35,22,3.0,1.0,28.0,25.0,4.0,14.0,3.0,10.0,66,45,34,18,8.0,1.0,34.0,50.0,1.0,2.0,23.0,42.0,1,2
93,1,1,43,24,57,24,10.0,6.0,35.0,29.0,6.0,12.0,6.0,8.0,64,27,36,11,7.0,4.0,36.0,30.5,0.0,0.0,4.0,14.0,4,2
65,2,0,59,24,41,15,3.0,1.0,19.0,17.0,5.0,1.0,11.0,8.0,58,27,42,14,7.0,1.0,24.0,9.0,9.0,3.0,10.0,8.0,3,1
52,1,0,64,27,36,12,6.0,3.0,22.0,39.0,3.0,9.0,3.0,4.0,51,28,49,20,5.0,4.0,26.0,31.0,5.0,12.0,1.0,3.0,1,1
111,4,0,59,32,41,13,3.0,7.0,20.0,44.0,0.0,0.0,11.0,16.0,72,38,28,12,7.0,2.0,33.0,21.0,6.0,22.0,12.0,16.0,1,2
47,1,1,73,24,27,5,5.0,1.0,17.0,8.0,8.0,6.0,14.0,10.0,64,7,36,6,0.0,0.0,13.0,18.0,5.0,1.0,17.0,11.0,3,1
89,2,1,79,32,21,8,1.0,3.0,17.0,21.0,7.0,5.0,25.0,20.0,79,30,21,7,0.0,3.0,15.0,10.0,6.0,3.0,11.0,9.0,3,1
54,1,0,55,44,45,22,8.0,6.0,36.0,59.0,1.0,6.0,5.0,7.0,66,60,34,23,9.0,4.0,24.0,34.0,2.0,6.0,10.0,12.0,1,2
93,3,1,66,31,34,13,1.0,2.0,25.0,17.0,15.0,6.0,14.0,9.0,56,25,44,15,2.0,2.0,24.0,32.0,9.0,3.0,13.0,10.0,3,1
99,3,0,58,44,42,17,8.0,8.0,30.0,51.0,1.0,3.0,17.0,27.0,72,44,28,17,2.0,1.0,22.0,24.0,5.0,11.0,10.0,12.0,1,2
22,1,1,60,24,40,13,1.0,0.0,16.0,14.0,10.0,4.0,15.0,6.0,54,26,46,8,7.0,1.0,17.0,24.0,5.0,2.0,25.0,13.0,3,1
72,2,0,55,44,45,25,5.0,1.0,32.0,73.0,5.0,10.0,18.0,31.0,68,56,32,18,0.0,4.0,32.0,48.0,9.0,17.0,21.0,22.0,1,2
57,1,0,67,72,33,29,5.0,1.0,35.0,29.0,3.0,13.0,17.0,22.0,57,60,43,37,8.0,8.0,36.0,30.5,3.0,14.0,18.0,22.0,4,2
59,1,0,60,49,40,27,5.0,6.0,40.0,26.0,0.0,0.0,56.0,36.0,71,55,29,17,21.0,2.0,42.0,12.0,10.0,3.0,44.0,31.0,3,2
33,1,1,67,75,33,27,13.0,4.0,57.0,31.0,4.0,12.0,29.0,41.0,67,66,33,21,19.0,2.0,45.0,33.0,1.0,10.0,6.0,16.0,2,2
10,1,0,60,41,40,20,9.0,4.0,27.0,22.0,2.0,4.0,5.0,7.0,69,49,31,13,7.0,7.0,46.0,25.0,3.0,7.0,11.0,17.0,2,1
82,2,1,69,49,31,18,15.0,2.0,33.0,10.0,6.0,3.0,27.0,18.0,60,42,40,21,6.0,4.0,28.0,20.0,1.0,1.0,22.0,16.0,3,2
31,1,1,71,31,29,7,2.0,3.0,26.0,37.0,6.0,10.0,13.0,16.0,57,18,43,7,2.0,0.0,12.0,21.0,4.0,12.0,1.0,1.0,2,1
78,1,1,66,45,34,14,16.0,0.0,35.0,29.0,5.0,10.0,17.0,22.0,51,25,49,18,2.0,4.0,36.0,30.5,1.0,6.0,18.0,22.0,4,2
41,2,1,54,39,46,19,5.0,3.0,41.0,39.0,13.0,6.0,34.0,22.0,71,44,29,14,0.0,1.0,22.0,30.0,7.0,3.0,20.0,15.0,4,1
23,1,1,62,54,38,25,4.0,12.0,40.0,45.0,7.0,14.0,12.0,19.0,62,42,38,16,1.0,9.0,57.0,42.0,7.0,16.0,9.0,13.0,2,1
86,2,1,59,39,41,22,12.0,0.0,41.0,12.0,18.0,4.0,20.0,14.0,68,53,32,15,8.0,5.0,25.0,19.0,0.0,0.0,21.0,15.0,3,2
11,1,0,57,14,43,5,2.0,5.0,12.0,32.0,0.0,0.0,6.0,10.0,57,18,43,11,7.0,2.0,14.0,4.0,5.0,6.0,2.0,4.0,1,1
55,1,0,60,21,40,10,2.0,0.0,8.0,4.0,2.0,1.0,7.0,5.0,53,24,47,16,8.0,3.0,31.0,17.0,6.0,3.0,10.0,8.0,3,1
82,2,1,54,24,46,15,5.0,8.0,27.0,23.0,11.0,4.0,21.0,18.0,63,28,37,6,5.0,8.0,24.0,27.0,2.0,2.0,20.0,10.0,3,1
19,3,0,55,21,45,10,4.0,3.0,24.0,35.0,8.0,1.0,24.0,16.0,51,26,49,17,0.0,1.0,16.0,13.0,8.0,5.0,14.0,9.0,4,1
71,2,0,65,37,35,19,1.0,4.0,21.0,30.0,5.0,4.0,9.0,5.0,67,39,33,14,10.0,2.0,25.0,24.0,8.0,5.0,5.0,3.0,3,1
36,1,0,57,25,43,13,5.0,1.0,20.0,32.0,3.0,14.0,6.0,7.0,59,35,41,17,6.0,5.0,28.0,45.0,4.0,6.0,5.0,8.0,1,1
52,1,0,71,48,29,11,4.0,4.0,35.0,31.0,2.0,10.0,17.0,25.0,56,46,44,26,6.0,2.0,29.0,20.0,4.0,8.0,12.0,18.0,2,2
124,7,1,70,43,30,11,5.0,2.0,35.0,25.0,8.0,16.0,13.0,17.0,62,31,38,8,1.0,5.0,22.0,35.0,3.0,12.0,10.0,14.0,2,2
55,1,0,53,32,47,11,3.0,4.0,19.0,33.0,5.0,0.0,15.0,12.0,58,28,42,13,1.0,5.0,10.0,13.0,6.0,3.0,7.0,7.0,4,1
72,2,1,64,56,36,23,17.0,0.0,42.0,36.0,3.0,12.0,17.0,22.0,66,58,34,24,10.0,3.0,31.0,41.0,1.0,3.0,11.0,18.0,2,2
121,5,1,64,23,36,10,1.0,1.0,23.0,17.0,5.0,8.0,7.0,10.0,39,12,61,13,3.0,5.0,14.0,27.0,1.0,4.0,2.0,2.0,1,1
84,2,1,57,47,43,23,11.0,5.0,54.0,21.0,18.0,9.0,28.0,22.0,56,45,44,20,2.0,3.0,34.0,31.0,6.0,4.0,44.0,29.0,3,2
60,1,1,71,29,29,8,2.0,3.0,17.0,22.0,8.0,5.0,8.0,4.0,66,19,34,6,1.0,6.0,20.0,40.0,5.0,2.0,9.0,8.0,3,1
114,4,1,52,33,48,21,4.0,3.0,38.0,17.0,5.0,17.0,15.0,18.0,72,40,28,9,16.0,1.0,31.0,30.0,0.0,0.0,6.0,19.0,1,2
105,3,0,61,16,39,7,0.0,3.0,9.0,32.0,2.0,4.0,7.0,9.0,52,18,48,13,1.0,3.0,18.0,20.0,6.0,6.0,3.0,6.0,1,1
0,7,1,57,44,43,20,9.0,5.0,36.0,35.0,12.0,7.0,13.0,4.0,57,31,43,23,2.0,7.0,17.0,27.0,8.0,4.0,15.0,10.0,4,1
7,1,0,61,47,39,21,3.0,1.0,28.0,16.0,4.0,0.0,33.0,24.0,71,55,29,16,15.0,2.0,40.0,26.0,10.0,2.0,38.0,27.0,3,2
93,2,0,50,33,50,22,5.0,5.0,37.0,40.0,6.0,10.0,11.0,20.0,54,29,46,20,5.0,2.0,29.0,19.0,6.0,14.0,9.0,15.0,2,1
80,2,0,68,41,32,19,3.0,0.0,19.0,41.0,1.0,1.0,13.0,22.0,65,41,35,18,2.0,1.0,22.0,28.0,5.0,14.0,15.0,21.0,2,2
20,1,0,71,39,29,10,4.0,3.0,17.0,12.0,4.0,0.0,11.0,9.0,68,40,32,17,11.0,4.0,39.0,17.0,21.0,5.0,17.0,11.0,3,2
108,3,0,81,54,19,6,1.0,4.0,46.0,45.0,3.0,8.0,14.0,20.0,65,47,35,19,2.0,3.0,24.0,24.0,5.0,10.0,3.0,4.0,2,1
34,1,0,65,20,35,8,2.0,4.0,24.0,30.0,6.0,2.0,19.0,12.0,72,29,28,14,2.0,0.0,14.0,11.0,11.0,6.0,2.0,1.0,3,1
89,1,0,62,42,38,20,5.0,8.0,35.0,29.0,3.0,13.0,31.0,54.0,57,48,43,21,10.0,6.0,36.0,30.5,7.0,21.0,18.0,26.0,4,2
44,1,0,52,34,48,28,6.0,1.0,6.0,1.0,2.0,7.0,17.0,22.0,65,50,35,18,12.0,2.0,12.0,2.0,4.0,7.0,18.0,22.0,1,2
75,1,1,51,29,49,15,8.0,1.0,49.0,41.0,25.0,7.0,30.0,19.0,61,32,39,11,1.0,2.0,21.0,29.0,13.0,4.0,14.0,7.0,4,1
119,6,1,61,21,39,10,5.0,3.0,23.0,10.0,7.0,5.0,11.0,11.0,49,8,51,7,0.0,1.0,10.0,6.0,2.0,1.0,21.0,8.0,3,1
0,1,0,60,21,40,8,2.0,4.0,19.0,18.0,7.0,2.0,3.0,3.0,72,31,28,4,3.0,9.0,25.0,14.0,16.0,6.0,8.0,4.0,3,1
31,1,1,66,39,34,19,9.0,0.0,35.0,17.0,4.0,14.0,13.0,23.0,61,37,39,17,8.0,2.0,22.0,37.0,0.0,2.0,11.0,16.0,1,2
33,2,0,48,10,52,4,0.0,8.0,10.0,35.0,5.0,3.0,10.0,5.0,65,25,35,8,3.0,5.0,16.0,19.0,10.0,7.0,8.0,7.0,4,1
15,1,1,68,54,32,15,18.0,2.0,47.0,13.0,6.0,3.0,48.0,32.0,71,46,29,19,2.0,3.0,40.0,10.0,1.0,0.0,36.0,26.0,3,2
107,3,0,65,24,35,9,2.0,5.0,11.0,23.0,4.0,6.0,7.0,12.0,50,23,50,16,2.0,8.0,35.0,35.0,6.0,14.0,12.0,13.0,1,1
73,2,0,67,62,33,21,3.0,2.0,44.0,36.0,0.0,5.0,9.0,13.0,68,69,32,26,14.0,3.0,58.0,37.0,5.0,11.0,14.0,19.0,2,2
53,1,1,56,32,44,23,4.0,2.0,26.0,26.0,7.0,13.0,6.0,9.0,63,30,37,11,0.0,10.0,13.0,38.0,2.0,7.0,9.0,14.0,2,2
86,2,1,59,39,41,17,1.0,9.0,5.0,29.0,6.0,13.0,2.0,6.0,56,31,44,20,0.0,12.0,28.0,73.0,5.0,12.0,19.0,33.0,1,1
74,2,1,64,71,36,25,21.0,5.0,74.0,22.0,6.0,5.0,87.0,48.0,55,52,45,29,12.0,4.0,42.0,13.0,10.0,1.0,34.0,15.0,3,2
32,1,0,50,11,50,11,1.0,2.0,7.0,8.0,3.0,0.0,11.0,7.0,62,24,38,11,2.0,4.0,29.0,12.0,7.0,5.0,18.0,16.0,3,1
44,2,0,52,39,48,26,4.0,6.0,29.0,44.0,14.0,4.0,27.0,17.0,74,49,26,15,1.0,3.0,18.0,31.0,13.0,4.0,16.0,11.0,4,1
49,1,1,73,47,27,11,3.0,4.0,29.0,29.0,11.0,5.0,16.0,13.0,58,21,42,17,1.0,5.0,15.0,23.0,16.0,2.0,6.0,5.0,4,1
53,1,0,75,41,25,8,1.0,4.0,17.0,21.0,4.0,1.0,9.0,4.0,59,45,41,15,12.0,7.0,40.0,34.0,9.0,4.0,16.0,14.0,3,1
94,2,0,63,12,37,9,1.0,2.0,7.0,19.0,1.0,8.0,3.0,3.0,54,27,46,14,1.0,1.0,20.0,22.0,4.0,5.0,3.0,5.0,2,1
25,1,1,74,39,26,10,3.0,7.0,35.0,29.0,8.0,13.0,9.0,15.0,47,10,53,10,4.0,5.0,36.0,30.5,0.0,9.0,8.0,20.0,4,2
69,2,0,79,42,21,8,1.0,0.0,17.0,11.0,0.0,0.0,14.0,20.0,64,50,36,17,11.0,4.0,59.0,41.0,4.0,8.0,21.0,28.0,2,2
90,2,0,66,32,34,11,4.0,3.0,22.0,32.0,3.0,6.0,8.0,17.0,79,36,21,7,1.0,1.0,30.0,30.0,5.0,8.0,9.0,13.0,2,1
123,5,1,59,33,41,16,1.0,1.0,23.0,15.0,6.0,16.0,19.0,24.0,60,26,40,19,0.0,5.0,33.0,47.0,2.0,5.0,20.0,34.0,1,1
107,1,0,58,55,42,17,13.0,2.0,35.0,29.0,1.0,7.0,6.0,14.0,52,49,48,37,11.0,2.0,36.0,30.5,4.0,7.0,24.0,31.0,4,2
25,1,0,57,31,43,17,1.0,2.0,24.0,41.0,2.0,7.0,11.0,22.0,63,45,37,22,6.0,1.0,33.0,34.0,8.0,19.0,16.0,21.0,2,2
50,1,0,67,35,33,7,2.0,3.0,26.0,32.0,5.0,11.0,8.0,17.0,61,30,39,19,2.0,2.0,40.0,24.0,8.0,16.0,16.0,28.0,2,1
48,1,1,59,36,41,15,9.0,1.0,38.0,31.0,7.0,11.0,22.0,35.0,52,29,48,16,0.0,6.0,27.0,33.0,3.0,8.0,11.0,17.0,1,1
19,1,1,63,24,37,11,2.0,1.0,19.0,9.0,5.0,4.0,5.0,2.0,66,21,34,2,1.0,2.0,13.0,7.0,1.0,0.0,3.0,2.0,3,1
3,1,0,59,16,41,8,2.0,6.0,21.0,38.0,6.0,15.0,2.0,4.0,63,27,37,9,0.0,3.0,24.0,29.0,8.0,13.0,5.0,8.0,2,1
109,3,0,69,31,31,10,1.0,5.0,21.0,21.0,3.0,3.0,4.0,5.0,67,29,33,11,7.0,5.0,24.0,24.0,4.0,7.0,8.0,10.0,2,1
95,2,0,55,13,45,9,1.0,2.0,17.0,30.0,2.0,8.0,17.0,27.0,85,34,15,6,0.0,1.0,15.0,18.0,5.0,11.0,10.0,19.0,1,1
41,1,1,73,42,27,11,16.0,3.0,35.0,29.0,6.0,7.0,12.0,17.0,56,18,44,10,1.0,5.0,36.0,30.5,0.0,2.0,5.0,10.0,4,2
1,1,1,65,33,35,10,7.0,4.0,7.0,4.0,5.0,10.0,9.0,9.5,62,33,38,10,0.0,3.0,0.0,3.0,4.0,7.0,9.0,9.0,1,1
63,1,1,63,41,37,26,5.0,3.0,40.0,20.0,11.0,3.0,26.0,20.0,60,46,40,20,3.0,4.0,25.0,12.0,3.0,0.0,29.0,19.0,3,2
21,1,0,38,28,62,27,5.0,14.0,35.0,29.0,4.0,8.0,17.0,22.0,59,38,41,19,6.0,3.0,36.0,30.5,7.0,11.0,18.0,22.0,4,2
102,1,0,74,72,26,14,26.0,5.0,35.0,29.0,2.0,7.0,18.0,31.0,73,73,27,20,6.0,1.0,36.0,30.5,3.0,4.0,15.0,18.0,4,2
18,3,0,52,18,48,10,4.0,7.0,20.0,27.0,0.0,0.0,13.0,8.0,70,22,30,6,1.0,2.0,12.0,7.0,9.0,5.0,3.0,3.0,4,1
72,2,0,66,22,34,7,1.0,3.0,16.0,23.0,3.0,9.0,2.0,3.0,63,24,37,7,1.0,6.0,26.0,26.0,6.0,11.0,14.0,18.0,2,1
51,1,0,68,43,32,14,3.0,7.0,3.0,7.0,2.0,4.0,9.0,9.5,62,32,38,15,3.0,5.0,3.0,5.0,3.0,12.0,9.0,9.0,1,1
58,1,0,52,73,48,36,19.0,10.0,67.0,38.0,8.0,1.0,35.0,23.0,61,73,39,30,26.0,4.0,68.0,25.0,10.0,3.0,35.0,29.0,3,2
101,3,0,62,14,38,8,1.0,5.0,9.0,19.0,1.0,3.0,5.0,15.0,53,17,47,15,0.0,3.0,32.0,14.0,5.0,9.0,7.0,10.0,2,1
86,2,1,60,24,40,15,1.0,1.0,33.0,32.0,5.0,12.0,16.0,24.0,67,20,33,9,0.0,1.0,6.0,15.0,2.0,10.0,5.0,6.0,2,1
1,1,1,61,31,39,13,13.0,1.0,13.0,1.0,7.0,14.0,17.0,22.0,60,23,40,9,1.0,4.0,1.0,4.0,0.0,0.0,18.0,22.0,1,2
25,1,1,69,28,31,7,6.0,1.0,30.0,14.0,9.0,4.0,11.0,11.0,53,23,47,11,4.0,2.0,18.0,16.0,0.0,0.0,9.0,4.0,3,1
116,4,0,67,32,33,14,2.0,1.0,42.0,47.0,6.0,18.0,12.0,31.0,91,57,9,4,2.0,1.0,33.0,27.0,7.0,10.0,14.0,24.0,2,1
9,1,1,58,27,42,13,3.0,1.0,31.0,21.0,6.0,15.0,14.0,17.0,72,22,28,5,0.0,0.0,18.0,16.0,2.0,9.0,4.0,7.0,2,1
78,2,1,64,27,36,14,1.0,3.0,17.0,26.0,6.0,9.0,3.0,8.0,74,26,26,7,0.0,3.0,18.0,38.0,5.0,8.0,9.0,11.0,2,1
68,2,0,78,84,22,15,1.0,3.0,49.0,60.0,7.0,10.0,14.0,23.0,56,61,44,35,14.0,2.0,57.0,56.0,10.0,23.0,20.0,37.0,2,2
110,4,0,61,30,39,20,1.0,0.0,23.0,22.0,8.0,3.0,14.0,8.0,63,46,37,13,6.0,6.0,25.0,31.0,12.0,5.0,15.0,7.0,3,1
117,1,1,63,58,37,23,5.0,5.0,35.0,29.0,6.0,15.0,32.0,38.0,69,55,31,20,4.0,2.0,36.0,30.5,2.0,4.0,19.0,37.0,4,2
119,4,0,72,24,28,9,0.0,0.0,20.0,32.0,0.0,2.0,6.0,8.0,69,32,31,10,3.0,7.0,20.0,20.0,3.0,14.0,13.0,17.0,1,1
66,2,1,59,20,41,10,4.0,3.0,23.0,15.0,5.0,13.0,13.0,17.0,57,15,43,4,1.0,2.0,5.0,19.0,0.0,1.0,5.0,6.0,1,1
39,1,1,67,37,33,19,1.0,2.0,32.0,14.0,11.0,6.0,26.0,17.0,61,39,39,12,8.0,6.0,20.0,25.0,2.0,1.0,23.0,15.0,3,2
105,4,0,71,82,29,22,19.0,2.0,43.0,31.0,7.0,1.0,24.0,12.0,58,68,42,30,24.0,5.0,68.0,42.0,15.0,3.0,48.0,30.0,3,2
97,1,0,59,56,41,29,7.0,8.0,35.0,29.0,0.0,4.0,17.0,27.0,67,66,33,19,28.0,6.0,36.0,30.5,4.0,8.0,23.0,38.0,4,2
96,3,0,69,83,31,27,15.0,3.0,73.0,25.0,8.0,1.0,64.0,51.0,81,101,19,15,19.0,1.0,60.0,23.0,7.0,1.0,34.0,25.0,3,2
98,3,0,58,15,42,8,3.0,2.0,15.0,10.0,4.0,1.0,10.0,7.0,75,22,25,5,4.0,2.0,24.0,9.0,5.0,3.0,13.0,11.0,3,1
102,3,1,57,37,43,19,13.0,1.0,32.0,26.0,5.0,9.0,13.0,18.0,44,25,56,17,5.0,6.0,21.0,34.0,0.0,2.0,5.0,9.0,1,2
71,2,1,69,51,31,15,0.0,6.0,14.0,20.0,3.0,7.0,5.0,7.0,71,45,29,11,6.0,1.0,42.0,47.0,3.0,13.0,12.0,15.0,1,1
15,1,1,50,20,50,15,4.0,2.0,39.0,36.0,5.0,9.0,7.0,10.0,77,21,23,5,1.0,0.0,6.0,11.0,2.0,5.0,4.0,4.0,1,1
69,2,1,55,48,45,27,15.0,4.0,53.0,16.0,9.0,2.0,25.0,15.0,62,55,38,24,7.0,3.0,25.0,16.0,2.0,1.0,39.0,25.0,3,2
19,1,1,68,36,32,14,10.0,1.0,35.0,29.0,7.0,14.0,15.0,23.0,53,18,47,9,3.0,4.0,36.0,30.5,1.0,8.0,7.0,15.0,4,2
4,1,1,65,28,35,11,6.0,1.0,19.0,18.0,7.0,10.0,7.0,10.0,50,18,50,7,1.0,5.0,27.0,27.0,4.0,14.0,10.0,15.0,1,1
3,1,1,72,87,28,19,14.0,2.0,48.0,27.0,4.0,13.0,14.0,30.0,53,58,47,38,13.0,10.0,72.0,56.0,4.0,13.0,33.0,43.0,2,2
66,2,0,82,17,18,6,0.0,3.0,7.0,11.0,1.0,3.0,5.0,10.0,75,26,25,5,1.0,3.0,29.0,17.0,5.0,8.0,7.0,11.0,2,1
87,2,0,58,77,42,40,10.0,9.0,74.0,89.0,4.0,14.0,29.0,39.0,64,82,36,38,9.0,1.0,49.0,52.0,5.0,20.0,21.0,32.0,2,2
122,5,0,70,28,30,5,2.0,2.0,27.0,27.0,5.0,11.0,20.0,34.0,84,41,16,3,0.0,0.0,30.0,25.0,6.0,7.0,16.0,24.0,2,1
18,1,0,62,41,38,10,11.0,2.0,35.0,29.0,0.0,2.0,12.0,21.0,72,42,28,11,3.0,5.0,36.0,30.5,5.0,7.0,25.0,31.0,4,2
23,1,0,43,17,57,8,2.0,10.0,11.0,26.0,0.0,7.0,0.0,3.0,52,32,48,15,7.0,6.0,28.0,24.0,4.0,8.0,10.0,14.0,1,1
19,1,0,70,55,30,18,7.0,3.0,29.0,37.0,5.0,14.0,17.0,34.0,58,52,42,33,12.0,3.0,52.0,66.0,4.0,5.0,26.0,38.0,2,2
55,1,0,61,59,39,25,8.0,6.0,35.0,44.0,3.0,5.0,21.0,35.0,62,61,38,21,7.0,2.0,50.0,41.0,3.0,13.0,16.0,22.0,2,2
95,3,0,60,53,40,25,19.0,3.0,45.0,12.0,14.0,3.0,29.0,16.0,53,54,47,27,11.0,5.0,50.0,19.0,18.0,5.0,34.0,24.0,3,2
60,1,0,62,42,38,17,2.0,1.0,19.0,23.0,0.0,0.0,13.0,20.0,64,43,36,18,9.0,5.0,43.0,27.0,3.0,4.0,18.0,22.0,1,2
95,2,1,74,45,26,11,7.0,1.0,39.0,19.0,5.0,10.0,11.0,14.0,67,33,33,10,4.0,3.0,21.0,24.0,0.0,3.0,8.0,10.0,1,2
91,2,0,53,22,47,12,3.0,3.0,17.0,37.0,3.0,6.0,2.0,2.0,74,30,26,8,2.0,3.0,15.0,29.0,5.0,12.0,11.0,15.0,1,1
28,1,1,40,16,60,14,2.0,3.0,28.0,21.0,6.0,17.0,9.0,11.0,58,14,42,9,1.0,8.0,13.0,36.0,1.0,3.0,5.0,8.0,1,1
6,1,0,68,73,32,24,5.0,3.0,41.0,50.0,9.0,17.0,14.0,30.0,60,66,40,34,2.0,6.0,57.0,72.0,10.0,17.0,25.0,36.0,1,2
106,3,0,70,18,30,7,1.0,1.0,11.0,20.0,1.0,4.0,13.0,17.0,73,32,27,8,5.0,3.0,23.0,21.0,4.0,10.0,2.0,3.0,2,1
79,2,1,64,37,36,15,5.0,4.0,29.0,13.0,5.0,8.0,21.0,25.0,63,33,37,10,8.0,9.0,29.0,32.0,0.0,0.0,14.0,25.0,1,2
9,1,1,77,76,23,11,6.0,4.0,6.0,4.0,7.0,24.0,17.0,22.0,60,68,40,25,8.0,12.0,8.0,12.0,6.0,14.0,18.0,22.0,1,2
53,1,1,52,30,48,20,7.0,1.0,31.0,7.0,17.0,6.0,31.0,22.0,64,30,36,14,7.0,3.0,23.0,17.0,1.0,0.0,23.0,10.0,3,2
107,3,0,58,30,42,10,13.0,3.0,31.0,59.0,2.0,7.0,11.0,22.0,83,46,17,7,4.0,1.0,21.0,23.0,7.0,20.0,11.0,14.0,1,2
103,3,1,58,54,42,31,9.0,2.0,48.0,29.0,5.0,14.0,24.0,32.0,61,58,39,23,6.0,10.0,37.0,46.0,1.0,5.0,19.0,31.0,2,2
106,3,0,65,12,35,4,0.0,0.0,2.0,23.0,0.0,1.0,0.0,3.0,69,21,31,8,1.0,1.0,20.0,20.0,5.0,9.0,7.0,9.0,1,1
110,3,1,67,38,33,20,2.0,0.0,21.0,18.0,6.0,12.0,9.0,13.0,69,39,31,10,10.0,5.0,33.0,57.0,0.0,6.0,4.0,9.0,1,2
98,3,0,63,37,37,14,5.0,3.0,21.0,41.0,3.0,5.0,18.0,28.0,66,41,34,17,1.0,4.0,35.0,30.0,7.0,19.0,14.0,20.0,2,2
16,1,0,68,34,32,7,2.0,4.0,22.0,41.0,5.0,7.0,11.0,21.0,53,28,47,21,2.0,6.0,33.0,30.0,8.0,12.0,18.0,22.0,1,2
9,1,1,67,56,33,21,22.0,6.0,61.0,29.0,8.0,3.0,47.0,35.0,54,40,46,22,4.0,2.0,22.0,15.0,6.0,0.0,23.0,15.0,3,2
106,3,1,64,21,36,8,8.0,1.0,28.0,12.0,9.0,6.0,9.0,8.0,64,10,36,9,0.0,0.0,8.0,9.0,2.0,1.0,15.0,10.0,3,1
70,2,0,68,40,32,13,9.0,5.0,19.0,14.0,10.0,2.0,38.0,22.0,61,40,39,17,12.0,8.0,45.0,24.0,8.0,3.0,25.0,16.0,3,2
88,3,1,67,51,33,19,9.0,0.0,47.0,16.0,7.0,6.0,39.0,25.0,62,45,38,21,14.0,6.0,44.0,20.0,9.0,3.0,65.0,38.0,3,2
24,1,1,57,37,43,26,5.0,1.0,32.0,11.0,15.0,6.0,31.0,20.0,60,41,40,20,12.0,2.0,44.0,37.0,10.0,2.0,21.0,13.0,3,2
16,1,0,59,58,41,23,5.0,14.0,35.0,29.0,6.0,17.0,15.0,22.0,57,60,43,34,10.0,5.0,36.0,30.5,6.0,9.0,22.0,41.0,4,2
3,1,1,57,36,43,21,4.0,4.0,35.0,30.0,14.0,4.0,22.0,17.0,68,45,32,15,0.0,4.0,32.0,45.0,4.0,1.0,48.0,32.0,3,1
58,1,1,69,25,31,8,2.0,4.0,17.0,17.0,6.0,7.0,4.0,5.0,62,11,38,3,2.0,4.0,4.0,25.0,1.0,7.0,0.0,0.0,2,1
64,2,0,66,49,34,13,1.0,5.0,29.0,27.0,3.0,0.0,39.0,25.0,63,44,37,20,11.0,1.0,41.0,14.0,15.0,4.0,23.0,19.0,3,2
38,1,1,63,47,37,20,13.0,4.0,41.0,33.0,7.0,4.0,24.0,16.0,60,34,40,16,7.0,3.0,19.0,30.0,6.0,0.0,10.0,5.0,3,2
61,1,0,54,29,46,16,1.0,8.0,23.0,60.0,8.0,5.0,15.0,12.0,73,40,27,7,5.0,6.0,16.0,42.0,13.0,7.0,5.0,3.0,4,1
19,1,1,70,28,30,11,2.0,3.0,16.0,19.0,6.0,9.0,7.0,9.0,60,19,40,8,2.0,9.0,20.0,45.0,3.0,8.0,4.0,8.0,2,1
30,1,0,53,62,47,33,7.0,9.0,35.0,29.0,3.0,14.0,17.0,22.0,56,64,44,40,8.0,7.0,36.0,30.5,6.0,11.0,18.0,22.0,4,2
55,1,1,76,27,24,8,3.0,1.0,11.0,10.0,5.0,7.0,1.0,1.0,56,18,44,5,4.0,6.0,25.0,39.0,2.0,5.0,1.0,6.0,2,1
29,1,1,68,50,32,13,5.0,4.0,37.0,30.0,15.0,7.0,24.0,18.0,57,41,43,22,1.0,6.0,28.0,42.0,9.0,5.0,30.0,16.0,3,2
23,1,1,55,43,45,29,11.0,4.0,36.0,14.0,10.0,2.0,21.0,18.0,52,51,48,27,11.0,11.0,34.0,36.0,0.0,0.0,26.0,14.0,3,2
76,2,1,57,49,43,28,11.0,2.0,11.0,2.0,7.0,17.0,17.0,22.0,51,46,49,26,9.0,10.0,9.0,10.0,4.0,13.0,18.0,22.0,1,2
5,1,0,59,41,41,27,7.0,6.0,22.0,28.0,6.0,1.0,11.0,6.0,70,56,30,11,25.0,3.0,53.0,30.0,12.0,4.0,33.0,26.0,3,2
13,1,1,63,58,37,21,20.0,7.0,64.0,29.0,11.0,6.0,25.0,18.0,63,48,37,24,7.0,1.0,23.0,34.0,2.0,1.0,27.0,14.0,3,2
31,1,0,55,50,45,30,10.0,8.0,35.0,29.0,2.0,5.0,17.0,22.0,63,56,37,27,7.0,5.0,36.0,30.5,7.0,17.0,18.0,22.0,4,2
36,1,0,62,78,38,32,17.0,2.0,60.0,40.0,7.0,3.0,23.0,14.0,61,84,39,36,13.0,5.0,47.0,49.0,5.0,2.0,26.0,17.0,3,2
41,1,0,67,31,33,13,0.0,5.0,19.0,22.0,11.0,3.0,14.0,7.0,59,32,41,14,10.0,6.0,29.0,19.0,11.0,5.0,15.0,9.0,3,1
26,1,1,65,34,35,15,5.0,1.0,35.0,29.0,5.0,8.0,17.0,22.0,63,20,37,11,1.0,5.0,36.0,30.5,0.0,3.0,18.0,22.0,4,2
123,6,0,67,76,33,30,5.0,2.0,54.0,75.0,5.0,9.0,32.0,50.0,64,73,36,35,6.0,3.0,61.0,44.0,8.0,16.0,15.0,26.0,2,2
58,1,1,59,62,41,24,12.0,4.0,35.0,29.0,5.0,10.0,17.0,22.0,46,41,54,36,14.0,5.0,36.0,30.5,4.0,9.0,18.0,22.0,4,2
30,2,1,64,21,36,11,4.0,1.0,16.0,13.0,7.0,5.0,8.0,6.0,57,16,43,7,3.0,3.0,15.0,19.0,1.0,0.0,10.0,5.0,4,1
119,4,1,62,24,38,12,5.0,1.0,32.0,21.0,4.0,10.0,13.0,21.0,68,20,32,9,1.0,1.0,13.0,12.0,0.0,1.0,10.0,16.0,2,1
124,1,0,64,41,36,15,6.0,4.0,35.0,29.0,1.0,6.0,24.0,35.0,71,51,29,16,3.0,1.0,36.0,30.5,4.0,4.0,22.0,28.0,4,2
93,3,0,62,12,38,4,3.0,0.0,8.0,10.0,0.0,0.0,14.0,4.0,47,12,53,17,5.0,1.0,21.0,6.0,9.0,6.0,6.0,5.0,3,2
83,2,1,68,37,32,10,3.0,2.0,25.0,18.0,6.0,2.0,19.0,16.0,64,28,36,15,6.0,0.0,20.0,12.0,1.0,0.0,30.0,16.0,3,1
104,3,1,59,35,41,16,5.0,2.0,25.0,20.0,9.0,4.0,11.0,8.0,60,37,40,13,12.0,8.0,34.0,15.0,9.0,4.0,11.0,7.0,3,1
8,1,0,78,21,22,9,1.0,2.0,17.0,15.0,1.0,1.0,15.0,9.0,67,29,33,10,6.0,0.0,17.0,7.0,5.0,4.0,3.0,2.0,3,1
31,2,1,76,22,34,6,0.0,1.0,14.0,11.0,9.0,6.0,9.0,9.0,55,12,45,5,0.0,0.0,11.0,27.0,4.0,2.0,18.0,10.0,4,1
80,1,1,74,48,26,11,13.0,2.0,35.0,29.0,5.0,14.0,15.0,22.0,59,33,41,19,6.0,4.0,36.0,30.5,1.0,1.0,6.0,10.0,4,2
4,1,0,52,31,48,22,4.0,4.0,21.0,24.0,1.0,1.0,3.0,5.0,58,39,42,19,10.0,1.0,42.0,37.0,4.0,7.0,12.0,13.0,2,2
18,1,0,47,17,53,9,1.0,2.0,1.0,2.0,0.0,5.0,9.0,9.5,54,23,46,12,9.0,4.0,9.0,4.0,4.0,7.0,9.0,9.0,1,1
59,1,1,60,27,40,11,5.0,4.0,25.0,17.0,8.0,4.0,13.0,11.0,54,15,46,11,1.0,3.0,6.0,8.0,3.0,0.0,16.0,9.0,3,1
44,1,0,55,37,45,25,4.0,4.0,34.0,39.0,1.0,13.0,15.0,23.0,64,50,36,27,10.0,5.0,39.0,22.0,5.0,13.0,9.0,11.0,2,2
54,1,0,56,43,44,18,8.0,6.0,35.0,29.0,2.0,2.0,26.0,16.0,55,39,45,25,9.0,2.0,31.0,14.0,9.0,5.0,21.0,14.0,3,2
50,1,1,69,28,31,12,2.0,3.0,11.0,11.0,14.0,6.0,1.0,1.0,65,24,35,8,0.0,4.0,34.0,46.0,10.0,3.0,9.0,8.0,4,1
75,2,1,66,35,34,9,0.0,6.0,8.0,18.0,7.0,14.0,12.0,16.0,53,23,47,14,10.0,6.0,43.0,56.0,5.0,6.0,19.0,34.0,1,1
23,1,1,73,55,27,14,16.0,2.0,61.0,36.0,6.0,9.0,32.0,45.0,64,42,36,18,8.0,1.0,26.0,18.0,2.0,5.0,9.0,13.0,2,2
7,4,0,69,37,31,14,3.0,1.0,17.0,20.0,2.0,2.0,24.0,12.0,60,38,40,19,15.0,2.0,46.0,22.0,7.0,4.0,16.0,12.0,4,1
35,2,1,64,39,36,12,2.0,4.0,18.0,21.0,6.0,4.0,6.0,5.0,79,33,21,5,1.0,2.0,10.0,26.0,6.0,0.0,9.0,6.0,4,1
87,1,1,50,56,50,38,10.0,7.0,35.0,29.0,8.0,18.0,32.0,50.0,57,57,43,39,11.0,8.0,36.0,30.5,6.0,11.0,21.0,36.0,4,2
48,1,0,55,29,45,10,4.0,1.0,26.0,26.0,3.0,2.0,30.0,15.0,58,21,42,13,1.0,0.0,15.0,4.0,10.0,5.0,15.0,6.0,3,1
43,1,0,57,9,43,5,1.0,4.0,14.0,18.0,1.0,0.0,14.0,6.0,60,18,40,13,5.0,0.0,19.0,2.0,9.0,5.0,7.0,4.0,3,1
22,1,1,58,61,42,27,5.0,2.0,35.0,29.0,8.0,11.0,17.0,22.0,58,53,42,27,13.0,7.0,36.0,30.5,6.0,14.0,18.0,22.0,4,2
41,1,0,54,16,46,13,2.0,5.0,9.0,23.0,3.0,5.0,1.0,4.0,68,29,32,9,2.0,7.0,26.0,36.0,6.0,15.0,6.0,9.0,2,1
103,1,0,52,28,48,18,6.0,1.0,35.0,29.0,0.0,2.0,13.0,27.0,65,41,35,20,3.0,2.0,36.0,30.5,4.0,7.0,14.0,17.0,4,2
76,2,1,59,24,41,11,3.0,1.0,22.0,10.0,4.0,13.0,3.0,4.0,63,25,37,8,4.0,2.0,23.0,24.0,1.0,2.0,11.0,17.0,1,1
6,4,0,55,26,45,18,3.0,8.0,41.0,42.0,13.0,7.0,20.0,8.0,73,40,27,7,3.0,9.0,21.0,30.0,19.0,9.0,24.0,16.0,4,1
85,2,0,42,11,58,1,3.0,1.0,12.0,22.0,1.0,5.0,2.0,3.0,68,21,32,8,0.0,2.0,17.0,13.0,6.0,9.0,4.0,5.0,1,1
20,1,0,60,39,40,25,0.0,4.0,21.0,35.0,1.0,2.0,8.0,18.0,64,50,36,15,13.0,4.0,38.0,33.0,4.0,12.0,12.0,14.0,2,2
51,1,0,73,45,27,10,3.0,3.0,27.0,11.0,1.0,5.0,11.0,18.0,63,45,37,16,14.0,1.0,52.0,29.0,4.0,9.0,16.0,27.0,2,2
2,1,1,76,30,24,5,1.0,0.0,25.0,13.0,4.0,12.0,4.0,5.0,76,35,24,6,0.0,3.0,20.0,25.0,0.0,4.0,14.0,20.0,2,1
14,1,0,66,48,34,21,5.0,5.0,42.0,30.0,11.0,2.0,49.0,29.0,65,59,35,20,20.0,6.0,55.0,36.0,8.0,4.0,26.0,17.0,3,2
69,2,1,58,61,42,38,17.0,3.0,66.0,25.0,4.0,13.0,13.0,17.0,62,68,38,27,14.0,6.0,64.0,65.0,1.0,11.0,42.0,65.0,1,2
57,1,1,55,30,45,18,3.0,3.0,38.0,30.0,8.0,14.0,16.0,26.0,69,34,31,17,1.0,1.0,31.0,19.0,7.0,10.0,10.0,15.0,2,1
95,3,1,60,52,40,32,3.0,2.0,36.0,29.0,6.0,10.0,11.0,22.0,58,60,42,21,9.0,7.0,61.0,50.0,7.0,14.0,21.0,33.0,2,2
81,2,1,66,26,34,15,0.0,2.0,8.0,26.0,4.0,4.0,5.0,10.0,52,16,48,8,4.0,1.0,13.0,38.0,2.0,5.0,7.0,11.0,1,1
5,5,0,60,40,40,18,1.0,4.0,15.0,33.0,6.0,4.0,12.0,7.0,68,43,32,14,5.0,8.0,44.0,42.0,14.0,7.0,23.0,17.0,4,1
56,1,0,63,33,37,12,4.0,3.0,18.0,27.0,1.0,1.0,5.0,8.0,77,32,23,9,4.0,4.0,20.0,12.0,4.0,11.0,4.0,6.0,2,2
96,3,1,48,20,52,15,10.0,2.0,25.0,21.0,4.0,7.0,4.0,12.0,54,15,46,12,2.0,2.0,10.0,19.0,1.0,6.0,1.0,3.0,1,1
120,5,0,56,34,44,23,1.0,4.0,34.0,35.0,5.0,12.0,12.0,18.0,58,42,42,20,2.0,6.0,47.0,37.0,7.0,13.0,19.0,24.0,1,1
119,1,1,59,57,41,31,6.0,3.0,35.0,29.0,6.0,14.0,30.0,45.0,63,53,37,29,5.0,3.0,36.0,30.5,4.0,15.0,38.0,53.0,4,2
33,1,0,63,27,37,11,4.0,7.0,24.0,43.0,2.0,8.0,11.0,14.0,62,30,38,16,6.0,2.0,20.0,24.0,4.0,5.0,1.0,3.0,1,1
19,1,0,66,52,34,21,3.0,2.0,49.0,33.0,12.0,4.0,37.0,24.0,69,62,31,22,8.0,3.0,45.0,29.0,15.0,8.0,82.0,50.0,3,2
20,1,0,60,58,40,21,13.0,8.0,40.0,36.0,3.0,10.0,18.0,28.0,64,74,36,27,18.0,11.0,62.0,64.0,5.0,9.0,31.0,46.0,1,2
38,1,1,53,39,47,24,8.0,6.0,33.0,37.0,4.0,7.0,18.0,22.0,60,41,40,16,4.0,9.0,21.0,36.0,4.0,8.0,8.0,19.0,1,2
27,1,1,75,55,25,19,22.0,1.0,40.0,20.0,4.0,2.0,24.0,16.0,65,47,35,15,4.0,4.0,27.0,20.0,0.0,0.0,18.0,13.0,3,2
88,1,1,57,41,43,35,5.0,3.0,35.0,29.0,5.0,9.0,17.0,26.0,63,40,37,16,6.0,5.0,36.0,30.5,1.0,9.0,29.0,50.0,4,2
84,2,1,57,34,43,20,9.0,3.0,54.0,35.0,7.0,16.0,15.0,22.0,75,46,25,8,1.0,2.0,23.0,26.0,4.0,6.0,9.0,24.0,2,2
48,1,0,57,30,43,16,1.0,0.0,37.0,35.0,1.0,4.0,13.0,20.0,54,31,46,20,2.0,1.0,19.0,14.0,3.0,12.0,5.0,7.0,2,1
17,1,0,54,27,46,17,1.0,3.0,17.0,22.0,2.0,0.0,21.0,11.0,62,38,38,20,7.0,2.0,29.0,15.0,8.0,5.0,41.0,29.0,3,2
98,3,1,74,40,26,12,8.0,1.0,38.0,3.0,16.0,5.0,21.0,18.0,66,32,34,15,6.0,4.0,18.0,14.0,0.0,0.0,23.0,12.0,3,2
90,2,1,71,25,29,8,9.0,0.0,30.0,9.0,9.0,4.0,11.0,6.0,75,24,25,9,3.0,1.0,15.0,5.0,0.0,0.0,14.0,8.0,3,1
8,1,0,61,31,39,16,4.0,5.0,20.0,18.0,1.0,1.0,14.0,9.0,70,45,30,16,16.0,2.0,41.0,19.0,6.0,4.0,11.0,8.0,3,2
89,2,0,55,21,45,11,2.0,3.0,2.0,3.0,0.0,0.0,9.0,9.5,67,24,33,8,5.0,1.0,5.0,1.0,4.0,9.0,9.0,9.0,1,1
107,3,1,61,26,39,16,1.0,0.0,10.0,17.0,3.0,6.0,9.0,16.0,62,24,38,12,1.0,2.0,24.0,48.0,1.0,3.0,14.0,18.0,2,1
88,2,1,69,70,31,24,5.0,4.0,44.0,45.0,6.0,15.0,19.0,32.0,57,55,43,30,2.0,5.0,48.0,48.0,3.0,11.0,17.0,32.0,2,2
62,1,0,46,15,54,7,1.0,6.0,16.0,19.0,8.0,1.0,16.0,13.0,52,24,48,12,1.0,5.0,21.0,20.0,12.0,6.0,22.0,15.0,4,1
101,3,1,67,77,33,26,27.0,6.0,82.0,69.0,3.0,12.0,22.0,30.0,74,94,26,20,8.0,4.0,43.0,34.0,3.0,7.0,17.0,29.0,1,2
57,1,1,61,53,39,30,7.0,7.0,28.0,57.0,5.0,10.0,8.0,17.0,61,55,39,22,2.0,10.0,41.0,88.0,4.0,8.0,23.0,39.0,1,2
45,1,1,67,28,33,5,2.0,4.0,30.0,30.0,7.0,13.0,3.0,3.0,57,17,43,8,1.0,5.0,7.0,24.0,3.0,6.0,1.0,5.0,2,1
58,1,1,63,25,37,10,2.0,6.0,21.0,31.0,6.0,13.0,4.0,5.0,67,18,33,5,4.0,4.0,10.0,32.0,3.0,8.0,2.0,6.0,1,1
109,4,1,61,26,39,7,1.0,7.0,12.0,13.0,7.0,5.0,2.0,2.0,60,18,40,4,2.0,2.0,9.0,16.0,2.0,1.0,5.0,1.0,3,1
27,3,1,52,31,48,12,3.0,5.0,20.0,23.0,9.0,6.0,28.0,14.0,81,30,19,5,0.0,2.0,28.0,27.0,7.0,5.0,26.0,19.0,4,1
21,1,1,66,37,34,17,8.0,1.0,35.0,19.0,12.0,5.0,43.0,33.0,60,34,40,12,12.0,7.0,29.0,30.0,2.0,0.0,21.0,10.0,3,2
52,1,1,54,15,46,15,3.0,2.0,31.0,18.0,6.0,10.0,5.0,11.0,70,25,30,11,1.0,1.0,20.0,20.0,3.0,6.0,6.0,11.0,2,1
54,1,0,71,23,29,6,3.0,2.0,13.0,16.0,0.0,0.0,3.0,7.0,80,31,20,5,1.0,0.0,28.0,20.0,3.0,7.0,7.0,7.0,2,1
45,2,1,56,27,44,15,1.0,4.0,23.0,33.0,16.0,6.0,11.0,6.0,59,30,41,14,5.0,5.0,27.0,46.0,12.0,4.0,12.0,8.0,4,1
67,2,1,58,62,42,30,9.0,12.0,51.0,60.0,5.0,15.0,27.0,33.0,65,57,35,23,3.0,5.0,24.0,37.0,2.0,16.0,15.0,24.0,1,2
97,3,0,64,37,36,15,4.0,6.0,31.0,44.0,3.0,9.0,11.0,14.0,78,58,22,11,2.0,2.0,30.0,33.0,5.0,6.0,9.0,12.0,2,1
36,2,0,41,9,59,15,0.0,4.0,2.0,16.0,6.0,1.0,7.0,1.0,42,24,58,15,8.0,6.0,33.0,25.0,6.0,4.0,16.0,7.0,4,1
113,4,0,61,33,39,14,0.0,3.0,11.0,47.0,1.0,2.0,5.0,9.0,65,37,35,16,6.0,1.0,29.0,28.0,6.0,11.0,10.0,12.0,1,1
2,6,1,63,26,37,9,4.0,1.0,19.0,20.0,11.0,5.0,11.0,6.0,63,20,37,10,0.0,4.0,8.0,24.0,4.0,1.0,19.0,13.0,4,1
34,1,0,64,35,36,13,1.0,1.0,17.0,25.0,2.0,3.0,2.0,3.0,67,50,33,16,3.0,3.0,28.0,27.0,5.0,7.0,5.0,5.0,2,2
116,4,0,67,32,33,11,2.0,2.0,23.0,43.0,4.0,8.0,20.0,30.0,64,26,36,14,0.0,4.0,22.0,28.0,6.0,13.0,4.0,4.0,1,1
42,1,0,61,39,39,11,8.0,1.0,39.0,18.0,6.0,0.0,17.0,12.0,60,49,40,21,12.0,9.0,39.0,17.0,4.0,3.0,26.0,16.0,3,2
24,1,1,65,36,35,13,6.0,5.0,30.0,17.0,4.0,7.0,9.0,12.0,53,29,47,12,2.0,6.0,41.0,31.0,4.0,11.0,22.0,33.0,1,1
31,1,0,67,52,33,21,6.0,3.0,32.0,24.0,7.0,2.0,36.0,28.0,60,53,40,28,13.0,2.0,53.0,24.0,11.0,3.0,46.0,32.0,3,2
37,2,1,56,28,44,12,4.0,6.0,19.0,19.0,11.0,6.0,15.0,9.0,55,13,45,9,0.0,4.0,14.0,39.0,9.0,2.0,15.0,9.0,4,1
115,4,0,52,32,48,23,8.0,1.0,29.0,28.0,0.0,1.0,11.0,25.0,57,42,43,25,7.0,1.0,43.0,21.0,3.0,7.0,34.0,41.0,1,2
91,2,1,64,57,36,23,27.0,2.0,63.0,36.0,2.0,6.0,17.0,25.0,67,55,33,22,6.0,1.0,23.0,23.0,0.0,5.0,7.0,10.0,1,2
73,2,1,69,71,31,20,21.0,4.0,55.0,17.0,10.0,5.0,29.0,24.0,63,63,37,18,17.0,6.0,48.0,30.0,3.0,2.0,51.0,33.0,3,2
30,1,0,75,31,25,8,2.0,1.0,17.0,21.0,2.0,6.0,8.0,10.0,69,41,31,10,2.0,3.0,33.0,30.0,3.0,6.0,8.0,9.0,1,1
16,1,0,59,29,41,10,1.0,5.0,20.0,42.0,5.0,8.0,15.0,26.0,55,33,45,18,3.0,4.0,22.0,22.0,8.0,11.0,6.0,11.0,2,2
96,3,0,81,23,19,3,0.0,1.0,8.0,24.0,4.0,11.0,4.0,4.0,57,22,43,13,3.0,8.0,25.0,34.0,8.0,8.0,4.0,7.0,2,1
120,5,1,52,52,48,27,10.0,4.0,43.0,62.0,5.0,13.0,18.0,28.0,61,46,39,23,2.0,1.0,30.0,46.0,3.0,12.0,12.0,13.0,1,2
42,1,0,48,29,52,19,3.0,8.0,23.0,41.0,1.0,1.0,14.0,22.0,66,32,34,13,7.0,1.0,19.0,20.0,3.0,12.0,5.0,7.0,1,1
68,2,1,59,30,41,16,1.0,2.0,16.0,13.0,8.0,5.0,12.0,7.0,56,28,44,16,7.0,3.0,30.0,31.0,9.0,4.0,8.0,5.0,3,1
112,4,1,56,54,44,24,14.0,3.0,57.0,37.0,2.0,5.0,17.0,25.0,71,53,29,14,1.0,0.0,24.0,22.0,1.0,4.0,13.0,16.0,1,2
101,3,0,68,73,32,27,2.0,1.0,61.0,68.0,4.0,12.0,28.0,36.0,70,74,30,30,4.0,2.0,50.0,52.0,6.0,17.0,28.0,40.0,2,2
6,1,0,53,59,47,44,8.0,8.0,35.0,29.0,10.0,18.0,17.0,22.0,59,65,41,38,2.0,7.0,36.0,30.5,11.0,26.0,18.0,22.0,4,2
63,1,1,72,26,28,6,3.0,0.0,21.0,13.0,8.0,5.0,9.0,62.0,50,10,50,10,1.0,4.0,9.0,19.0,3.0,1.0,9.0,34.0,4,1
16,1,0,85,26,15,3,3.0,1.0,14.0,13.0,0.0,0.0,22.0,8.0,70,35,30,14,7.0,0.0,32.0,6.0,8.0,6.0,25.0,21.0,3,2
13,3,1,60,41,40,18,7.0,5.0,45.0,51.0,11.0,6.0,32.0,18.0,64,39,36,14,2.0,3.0,22.0,28.0,10.0,5.0,9.0,7.0,4,1
18,1,0,74,26,26,6,2.0,3.0,19.0,28.0,1.0,3.0,6.0,9.0,56,23,44,15,2.0,2.0,17.0,15.0,4.0,11.0,4.0,6.0,2,1
21,1,0,57,23,43,12,1.0,4.0,18.0,26.0,2.0,6.0,11.0,19.0,57,26,43,14,4.0,5.0,29.0,20.0,5.0,10.0,5.0,8.0,2,1
106,1,0,50,37,50,22,5.0,1.0,35.0,29.0,4.0,9.0,25.0,41.0,57,43,43,21,9.0,6.0,36.0,30.5,7.0,12.0,12.0,21.0,4,2
126,7,1,69,27,31,8,10.0,0.0,29.0,21.0,4.0,15.0,10.0,12.0,55,20,45,20,2.0,4.0,10.0,17.0,2.0,2.0,3.0,4.0,2,1
42,1,1,62,37,38,14,6.0,3.0,35.0,42.0,22.0,8.0,34.0,23.0,64,29,36,16,1.0,1.0,31.0,55.0,8.0,3.0,48.0,25.0,3,1
54,1,1,64,48,36,20,4.0,7.0,19.0,25.0,11.0,4.0,13.0,10.0,62,47,38,21,3.0,8.0,30.0,46.0,4.0,2.0,29.0,16.0,3,1
14,1,1,60,50,40,23,4.0,2.0,4.0,2.0,10.0,28.0,17.0,22.0,55,55,45,23,2.0,3.0,2.0,3.0,4.0,14.0,18.0,22.0,1,2
51,1,1,65,23,35,8,5.0,3.0,12.0,15.0,6.0,10.0,4.0,4.0,56,15,44,8,3.0,2.0,12.0,44.0,1.0,6.0,0.0,0.0,2,1
7,1,0,61,15,39,11,2.0,4.0,23.0,35.0,6.0,11.0,10.0,16.0,60,24,40,9,3.0,4.0,14.0,22.0,8.0,9.0,4.0,6.0,1,1
99,3,0,62,35,38,14,0.0,3.0,15.0,30.0,9.0,4.0,10.0,5.0,69,43,31,15,4.0,3.0,28.0,28.0,10.0,7.0,10.0,9.0,3,1
22,1,0,60,18,40,9,0.0,3.0,6.0,27.0,0.0,4.0,3.0,11.0,65,23,35,9,3.0,1.0,27.0,16.0,5.0,12.0,12.0,14.0,2,1
55,1,1,65,65,35,22,8.0,1.0,60.0,28.0,16.0,5.0,46.0,31.0,72,73,28,15,11.0,3.0,48.0,29.0,5.0,2.0,75.0,50.0,3,2
72,2,1,60,27,40,12,4.0,2.0,30.0,31.0,5.0,7.0,2.0,5.0,54,21,46,8,2.0,5.0,12.0,19.0,2.0,2.0,3.0,4.0,1,1
65,2,0,55,50,45,28,11.0,6.0,57.0,60.0,3.0,14.0,15.0,17.0,59,53,41,28,9.0,8.0,43.0,35.0,4.0,9.0,10.0,14.0,1,1
40,1,0,56,54,44,31,6.0,9.0,35.0,29.0,1.0,7.0,19.0,28.0,58,60,42,26,24.0,4.0,36.0,30.5,4.0,18.0,16.0,24.0,4,2
85,2,1,55,36,45,17,7.0,3.0,20.0,15.0,2.0,1.0,10.0,6.0,59,28,41,16,9.0,3.0,30.0,7.0,7.0,2.0,16.0,9.0,3,2
81,2,0,68,51,32,21,1.0,0.0,23.0,28.0,3.0,10.0,17.0,34.0,60,48,40,28,5.0,7.0,59.0,47.0,6.0,14.0,25.0,44.0,2,2
67,2,0,64,33,36,10,3.0,4.0,14.0,23.0,0.0,3.0,2.0,6.0,51,32,49,23,8.0,3.0,32.0,15.0,5.0,7.0,5.0,5.0,2,2
43,1,1,46,25,54,21,4.0,2.0,22.0,22.0,9.0,17.0,11.0,12.0,54,40,46,9,16.0,11.0,28.0,52.0,4.0,5.0,6.0,10.0,1,2
71,2,0,67,28,33,9,3.0,1.0,28.0,36.0,2.0,3.0,10.0,17.0,60,31,40,15,3.0,2.0,29.0,21.0,8.0,15.0,8.0,13.0,2,2
54,1,1,71,31,29,11,4.0,3.0,4.0,3.0,5.0,9.0,9.0,9.5,68,28,32,10,0.0,6.0,0.0,6.0,3.0,3.0,9.0,9.0,1,1
122,5,0,67,13,33,6,2.0,1.0,9.0,25.0,1.0,3.0,1.0,4.0,77,25,23,5,0.0,3.0,17.0,16.0,5.0,9.0,3.0,4.0,1,1
118,5,1,75,46,25,10,2.0,0.0,26.0,22.0,6.0,14.0,15.0,23.0,67,39,33,14,0.0,3.0,25.0,34.0,2.0,3.0,15.0,30.0,2,2
10,1,1,48,29,52,20,12.0,4.0,33.0,12.0,7.0,11.0,14.0,21.0,47,22,53,15,3.0,2.0,23.0,31.0,2.0,2.0,9.0,22.0,2,2
29,2,1,58,24,42,11,7.0,0.0,33.0,19.0,7.0,6.0,21.0,13.0,93,16,7,1,0.0,1.0,12.0,18.0,9.0,2.0,16.0,9.0,4,1
75,2,1,62,34,38,14,0.0,5.0,15.0,24.0,5.0,11.0,16.0,28.0,57,32,43,14,2.0,5.0,42.0,44.0,4.0,14.0,13.0,25.0,2,1
1,1,1,61,44,39,19,3.0,2.0,35.0,29.0,4.0,13.0,17.0,22.0,56,37,44,15,18.0,8.0,36.0,30.5,0.0,1.0,18.0,22.0,4,2
80,2,1,59,19,41,7,9.0,4.0,25.0,14.0,6.0,6.0,0.0,1.0,57,8,43,5,1.0,3.0,7.0,18.0,1.0,1.0,1.0,2.0,1,1
24,1,0,65,50,35,20,8.0,3.0,28.0,32.0,1.0,4.0,7.0,10.0,53,50,47,28,13.0,6.0,40.0,37.0,4.0,7.0,6.0,12.0,2,2
72,2,1,64,60,36,33,12.0,1.0,56.0,28.0,12.0,2.0,71.0,49.0,70,68,30,27,10.0,5.0,42.0,21.0,9.0,1.0,39.0,23.0,3,2
28,1,0,66,55,34,18,25.0,1.0,48.0,27.0,1.0,3.0,24.0,50.0,83,68,17,12,8.0,2.0,41.0,7.0,2.0,3.0,24.0,35.0,1,2
69,2,1,73,22,27,6,1.0,0.0,15.0,15.0,6.0,19.0,7.0,10.0,48,15,52,10,0.0,7.0,17.0,29.0,1.0,1.0,10.0,13.0,1,1
10,1,0,53,46,47,35,7.0,7.0,47.0,58.0,4.0,5.0,19.0,33.0,66,62,34,24,16.0,4.0,49.0,46.0,7.0,19.0,30.0,43.0,1,2
12,4,1,78,54,22,9,2.0,1.0,45.0,47.0,19.0,7.0,21.0,14.0,68,47,32,12,4.0,6.0,30.0,50.0,15.0,7.0,19.0,12.0,4,1
67,2,1,54,25,46,10,0.0,2.0,14.0,11.0,7.0,5.0,6.0,5.0,51,12,49,10,5.0,3.0,18.0,9.0,5.0,2.0,12.0,6.0,3,1
123,6,0,62,71,38,30,21.0,7.0,60.0,49.0,0.0,1.0,23.0,31.0,61,72,39,32,18.0,4.0,57.0,49.0,1.0,4.0,14.0,18.0,1,2
63,2,0,61,19,39,16,2.0,3.0,12.0,14.0,0.0,3.0,3.0,14.0,62,30,38,18,3.0,4.0,54.0,33.0,7.0,14.0,19.0,30.0,2,2
115,1,0,63,58,37,26,12.0,1.0,35.0,29.0,0.0,1.0,22.0,34.0,66,54,34,26,3.0,0.0,36.0,30.5,5.0,21.0,23.0,31.0,4,2
46,1,0,51,72,49,40,29.0,11.0,35.0,29.0,6.0,23.0,36.0,49.0,64,82,36,33,2.0,6.0,36.0,30.5,5.0,12.0,21.0,42.0,4,2
61,1,0,82,15,18,4,2.0,1.0,18.0,21.0,2.0,2.0,5.0,8.0,64,22,36,8,2.0,1.0,25.0,11.0,6.0,6.0,12.0,14.0,2,1
113,4,0,61,52,39,27,4.0,3.0,33.0,49.0,3.0,11.0,29.0,56.0,63,55,37,24,3.0,1.0,64.0,43.0,9.0,19.0,19.0,27.0,1,2
27,1,1,63,76,37,28,21.0,9.0,21.0,9.0,3.0,14.0,17.0,22.0,57,69,43,43,16.0,10.0,16.0,10.0,2.0,6.0,18.0,22.0,1,2
98,3,0,64,18,36,11,0.0,5.0,15.0,28.0,2.0,3.0,2.0,4.0,58,20,42,14,1.0,3.0,14.0,16.0,5.0,10.0,3.0,4.0,1,1
27,1,1,73,34,27,6,4.0,2.0,16.0,15.0,6.0,4.0,13.0,8.0,66,21,34,11,1.0,1.0,14.0,14.0,4.0,1.0,12.0,6.0,3,1
125,6,1,64,22,36,10,0.0,2.0,21.0,20.0,6.0,9.0,12.0,14.0,68,17,32,2,2.0,2.0,12.0,24.0,1.0,9.0,4.0,9.0,1,1
34,1,1,74,39,26,10,1.0,6.0,23.0,37.0,8.0,16.0,2.0,4.0,63,40,37,16,3.0,5.0,36.0,54.0,6.0,10.0,4.0,6.0,1,1
42,2,0,67,18,33,8,1.0,2.0,4.0,19.0,2.0,1.0,3.0,1.0,58,19,42,13,4.0,1.0,29.0,17.0,10.0,5.0,17.0,12.0,4,1
2,1,1,63,17,37,10,1.0,1.0,23.0,13.0,14.0,6.0,13.0,8.0,56,16,44,7,2.0,10.0,11.0,29.0,1.0,0.0,8.0,2.0,3,1
6,1,0,69,40,31,13,1.0,3.0,31.0,37.0,6.0,4.0,17.0,10.0,69,33,31,12,2.0,5.0,34.0,26.0,12.0,6.0,10.0,8.0,3,1
64,2,1,66,28,34,8,10.0,2.0,24.0,19.0,4.0,7.0,3.0,4.0,54,17,46,6,2.0,8.0,9.0,20.0,0.0,1.0,3.0,3.0,1,1
76,2,0,61,41,39,16,13.0,7.0,38.0,29.0,3.0,1.0,41.0,26.0,69,46,31,16,13.0,0.0,37.0,13.0,11.0,4.0,10.0,6.0,3,2
94,3,1,70,76,30,22,6.0,8.0,34.0,39.0,24.0,7.0,50.0,34.0,59,76,41,33,15.0,2.0,56.0,34.0,9.0,5.0,53.0,35.0,3,2
80,2,0,68,57,32,17,22.0,4.0,48.0,24.0,4.0,0.0,22.0,14.0,67,52,33,23,17.0,2.0,40.0,7.0,5.0,2.0,24.0,20.0,3,2
113,1,0,59,68,41,34,8.0,5.0,35.0,29.0,5.0,14.0,29.0,48.0,65,68,35,23,13.0,4.0,36.0,30.5,5.0,16.0,33.0,42.0,4,2
10,1,0,64,66,36,18,13.0,2.0,55.0,40.0,3.0,1.0,22.0,15.0,67,64,33,23,16.0,0.0,52.0,21.0,16.0,5.0,50.0,32.0,3,2
38,1,0,69,16,31,6,6.0,1.0,20.0,29.0,8.0,3.0,12.0,7.0,62,24,38,12,2.0,2.0,18.0,15.0,10.0,6.0,8.0,6.0,3,1
53,1,0,63,32,37,12,1.0,3.0,1.0,3.0,3.0,7.0,17.0,22.0,62,33,38,11,9.0,5.0,9.0,5.0,9.0,19.0,18.0,22.0,1,2
13,1,0,64,63,36,23,7.0,4.0,49.0,57.0,6.0,15.0,24.0,46.0,67,58,33,23,7.0,7.0,45.0,55.0,6.0,12.0,28.0,37.0,1,2
12,1,1,60,50,40,24,7.0,5.0,38.0,50.0,6.0,11.0,5.0,14.0,67,53,33,19,4.0,1.0,35.0,43.0,6.0,16.0,11.0,17.0,2,1
59,1,1,59,72,41,40,17.0,5.0,67.0,59.0,7.0,18.0,8.0,11.0,51,76,49,38,23.0,5.0,54.0,61.0,7.0,13.0,23.0,40.0,1,2
85,2,0,72,36,28,10,1.0,5.0,22.0,42.0,3.0,10.0,5.0,8.0,72,42,28,14,0.0,3.0,35.0,41.0,7.0,17.0,15.0,19.0,2,1
110,5,1,61,42,39,21,16.0,1.0,36.0,13.0,10.0,4.0,17.0,11.0,53,33,47,27,6.0,4.0,31.0,25.0,2.0,2.0,31.0,21.0,3,2
94,3,0,63,30,37,8,2.0,4.0,26.0,19.0,8.0,3.0,10.0,8.0,75,35,25,8,4.0,1.0,18.0,5.0,11.0,4.0,5.0,4.0,3,1
33,1,0,65,58,35,26,15.0,3.0,50.0,33.0,19.0,4.0,30.0,22.0,63,63,37,29,18.0,10.0,61.0,53.0,8.0,5.0,46.0,34.0,3,2
9,1,1,51,35,49,27,4.0,5.0,35.0,29.0,9.0,11.0,17.0,22.0,49,35,51,20,4.0,3.0,36.0,30.5,7.0,12.0,18.0,22.0,4,2
110,1,1,52,55,48,37,11.0,5.0,35.0,29.0,5.0,15.0,25.0,30.0,47,50,53,43,16.0,8.0,36.0,30.5,2.0,9.0,25.0,37.0,4,2
116,4,1,61,31,39,14,2.0,3.0,25.0,18.0,8.0,15.0,12.0,15.0,63,16,37,12,0.0,3.0,17.0,32.0,2.0,6.0,13.0,21.0,2,2
75,2,0,61,42,39,23,4.0,4.0,29.0,27.0,4.0,0.0,30.0,20.0,57,49,43,23,12.0,2.0,39.0,27.0,6.0,3.0,41.0,26.0,3,2
39,1,0,52,44,48,29,8.0,7.0,35.0,29.0,1.0,6.0,17.0,22.0,57,47,43,30,11.0,7.0,36.0,30.5,6.0,13.0,18.0,22.0,4,2
21,1,0,61,32,39,10,2.0,3.0,2.0,3.0,3.0,7.0,17.0,22.0,73,40,27,15,2.0,1.0,2.0,1.0,7.0,12.0,18.0,22.0,1,2
92,2,0,60,31,40,14,1.0,3.0,15.0,39.0,1.0,6.0,13.0,23.0,49,37,51,29,5.0,3.0,37.0,33.0,5.0,10.0,17.0,19.0,2,2
56,1,0,63,38,37,18,2.0,2.0,25.0,55.0,10.0,3.0,17.0,10.0,64,51,36,19,0.0,10.0,26.0,42.0,9.0,5.0,19.0,14.0,4,1
77,2,0,52,51,48,30,9.0,4.0,64.0,53.0,3.0,6.0,37.0,50.0,62,67,38,28,12.0,4.0,52.0,29.0,8.0,14.0,8.0,16.0,2,2
11,1,1,57,62,43,43,13.0,0.0,50.0,38.0,6.0,18.0,15.0,19.0,51,72,49,41,11.0,12.0,82.0,96.0,3.0,7.0,28.0,44.0,1,2
49,1,1,54,48,46,26,12.0,9.0,45.0,46.0,21.0,5.0,13.0,7.0,58,58,42,24,4.0,11.0,30.0,36.0,15.0,4.0,14.0,12.0,3,1
92,2,1,71,39,29,14,3.0,3.0,25.0,36.0,5.0,10.0,10.0,13.0,54,35,46,22,3.0,6.0,25.0,44.0,3.0,6.0,8.0,16.0,1,1
108,3,0,73,31,27,8,1.0,5.0,21.0,24.0,1.0,14.0,9.0,22.0,59,43,41,20,6.0,1.0,40.0,23.0,6.0,9.0,19.0,32.0,2,2
89,2,1,61,23,39,12,1.0,5.0,32.0,31.0,5.0,11.0,13.0,16.0,65,22,35,10,0.0,2.0,11.0,23.0,3.0,3.0,2.0,5.0,2,1
67,1,1,64,28,36,14,1.0,2.0,8.0,21.0,3.0,2.0,15.0,9.0,58,19,42,13,4.0,1.0,15.0,32.0,2.0,0.0,13.0,6.0,4,1
35,1,0,59,40,41,15,6.0,3.0,22.0,24.0,4.0,7.0,10.0,14.0,69,44,31,13,7.0,3.0,53.0,31.0,5.0,11.0,17.0,26.0,2,2
81,2,1,68,26,32,8,2.0,3.0,32.0,33.0,6.0,12.0,8.0,11.0,74,17,26,5,0.0,1.0,6.0,17.0,2.0,8.0,1.0,4.0,2,1
44,1,1,68,48,32,16,2.0,4.0,28.0,40.0,11.0,17.0,13.0,23.0,65,38,35,13,2.0,6.0,58.0,66.0,10.0,15.0,30.0,47.0,2,1
118,4,1,71,67,29,14,12.0,1.0,36.0,28.0,5.0,8.0,10.0,19.0,66,51,34,16,2.0,1.0,36.0,51.0,4.0,10.0,20.0,25.0,1,2
3,5,0,60,21,40,7,0.0,3.0,14.0,28.0,5.0,2.0,34.0,18.0,63,23,37,8,3.0,3.0,23.0,17.0,12.0,6.0,14.0,7.0,4,1
95,3,1,57,32,43,13,14.0,5.0,27.0,17.0,10.0,4.0,7.0,5.0,71,28,29,9,0.0,3.0,10.0,14.0,5.0,1.0,4.0,2.0,3,1
51,1,1,57,54,43,22,24.0,6.0,58.0,25.0,3.0,12.0,22.0,35.0,59,47,41,20,12.0,3.0,36.0,14.0,1.0,4.0,15.0,32.0,1,2
8,1,0,58,68,42,31,15.0,8.0,35.0,29.0,5.0,22.0,17.0,22.0,49,58,51,43,10.0,12.0,36.0,30.5,4.0,14.0,18.0,22.0,4,2
120,5,0,63,31,37,16,0.0,4.0,9.0,21.0,4.0,7.0,5.0,12.0,66,30,34,13,1.0,2.0,30.0,45.0,4.0,4.0,9.0,11.0,2,1
16,1,1,76,24,24,7,3.0,0.0,20.0,18.0,5.0,12.0,13.0,19.0,50,13,50,9,0.0,5.0,7.0,25.0,0.0,1.0,3.0,6.0,1,1
90,2,1,56,23,44,11,6.0,6.0,24.0,33.0,6.0,8.0,4.0,9.0,59,15,41,7,1.0,5.0,6.0,20.0,3.0,7.0,0.0,2.0,1,1
46,1,1,68,27,32,11,1.0,1.0,27.0,17.0,5.0,7.0,7.0,10.0,63,21,37,7,1.0,3.0,12.0,13.0,3.0,7.0,2.0,4.0,2,1
43,1,0,51,29,49,20,4.0,8.0,35.0,29.0,0.0,0.0,17.0,22.0,64,38,36,18,10.0,1.0,36.0,30.5,4.0,11.0,18.0,22.0,4,2
96,1,1,64,42,36,21,14.0,4.0,35.0,29.0,4.0,11.0,14.0,25.0,53,46,47,24,25.0,4.0,36.0,30.5,3.0,7.0,12.0,21.0,4,2
35,1,1,73,43,27,10,15.0,2.0,26.0,9.0,11.0,5.0,16.0,12.0,59,34,41,13,4.0,2.0,20.0,28.0,0.0,0.0,12.0,5.0,3,2
66,1,1,52,59,48,38,23.0,10.0,35.0,29.0,4.0,9.0,19.0,29.0,71,69,29,18,17.0,3.0,36.0,30.5,3.0,9.0,24.0,39.0,4,2
56,1,0,66,16,34,5,5.0,2.0,20.0,29.0,0.0,0.0,7.0,21.0,60,20,40,12,0.0,2.0,10.0,10.0,4.0,5.0,6.0,6.0,2,1
114,4,0,57,11,43,3,2.0,2.0,10.0,24.0,2.0,6.0,8.0,13.0,88,28,12,3,1.0,1.0,19.0,14.0,7.0,12.0,10.0,12.0,2,1
30,1,1,53,36,47,23,7.0,2.0,40.0,26.0,6.0,9.0,16.0,24.0,65,31,35,13,1.0,2.0,17.0,32.0,3.0,6.0,15.0,23.0,2,2
49,1,1,73,40,27,10,8.0,1.0,35.0,29.0,7.0,16.0,20.0,27.0,54,21,46,13,3.0,7.0,36.0,30.5,1.0,3.0,8.0,15.0,4,2
20,1,1,63,43,37,17,1.0,4.0,21.0,26.0,5.0,12.0,6.0,10.0,55,36,45,18,5.0,8.0,50.0,56.0,5.0,14.0,20.0,24.0,1,1
106,3,1,64,50,36,16,6.0,2.0,29.0,30.0,4.0,11.0,11.0,18.0,57,39,43,20,8.0,7.0,31.0,44.0,1.0,1.0,26.0,37.0,1,2
53,1,1,63,49,37,19,0.0,7.0,23.0,35.0,13.0,6.0,20.0,10.0,63,45,37,17,9.0,10.0,29.0,56.0,16.0,5.0,22.0,16.0,4,1
60,1,0,63,33,37,13,5.0,3.0,34.0,49.0,1.0,6.0,19.0,26.0,48,36,52,33,8.0,3.0,38.0,37.0,5.0,11.0,10.0,14.0,2,2
114,1,0,60,38,40,16,5.0,0.0,35.0,29.0,2.0,16.0,32.0,52.0,70,61,30,17,6.0,4.0,36.0,30.5,4.0,7.0,11.0,17.0,4,2
111,4,1,77,45,23,15,1.0,2.0,33.0,24.0,4.0,12.0,18.0,25.0,62,34,38,15,5.0,1.0,20.0,27.0,0.0,3.0,19.0,28.0,2,2
7,1,1,60,24,40,11,1.0,2.0,14.0,20.0,6.0,10.0,4.0,6.0,55,12,45,7,1.0,3.0,16.0,35.0,3.0,7.0,0.0,2.0,2,1
44,1,0,58,27,42,8,3.0,3.0,35.0,29.0,0.0,0.0,4.0,4.0,58,31,42,16,10.0,4.0,36.0,30.5,7.0,12.0,16.0,17.0,4,2
39,1,0,58,37,42,16,12.0,3.0,29.0,50.0,5.0,8.0,5.0,9.0,52,40,48,21,4.0,6.0,21.0,36.0,6.0,9.0,3.0,5.0,2,1
43,1,1,46,40,54,29,6.0,2.0,39.0,46.0,2.0,3.0,21.0,28.0,53,34,47,25,2.0,7.0,17.0,24.0,2.0,14.0,13.0,25.0,2,2
51,1,1,72,39,28,14,28.0,2.0,68.0,19.0,10.0,5.0,16.0,9.0,62,30,38,17,0.0,0.0,17.0,14.0,0.0,0.0,4.0,1.0,3,2
47,1,1,84,74,16,12,2.0,4.0,40.0,26.0,3.0,8.0,19.0,25.0,74,66,26,22,10.0,1.0,51.0,53.0,1.0,4.0,25.0,40.0,2,2
18,1,1,70,40,30,14,7.0,2.0,29.0,21.0,7.0,10.0,5.0,7.0,58,24,42,10,3.0,4.0,19.0,41.0,1.0,4.0,6.0,11.0,2,2
78,2,0,51,36,49,26,7.0,6.0,33.0,27.0,3.0,5.0,12.0,18.0,55,39,45,20,13.0,2.0,37.0,43.0,3.0,7.0,12.0,19.0,1,2
5,1,1,70,58,30,18,4.0,4.0,35.0,36.0,6.0,12.0,8.0,10.0,68,48,32,17,5.0,5.0,30.0,51.0,1.0,7.0,6.0,9.0,2,2
67,2,0,56,31,44,16,2.0,3.0,17.0,31.0,5.0,8.0,8.0,11.0,48,25,52,21,2.0,5.0,38.0,38.0,6.0,11.0,6.0,11.0,2,1
65,1,0,68,22,42,6,3.0,4.0,11.0,17.0,0.0,0.0,6.0,3.0,62,19,48,13,6.0,1.0,28.0,13.0,10.0,4.0,13.0,9.0,4,1
28,1,0,68,35,32,9,3.0,0.0,24.0,27.0,0.0,0.0,14.0,27.0,65,37,35,12,6.0,3.0,32.0,7.0,6.0,15.0,8.0,10.0,2,2
50,1,0,62,16,38,10,1.0,4.0,1.0,4.0,2.0,6.0,9.0,9.5,56,17,44,16,0.0,2.0,0.0,2.0,5.0,8.0,9.0,9.0,1,1
21,1,0,48,47,52,32,9.0,5.0,53.0,51.0,6.0,11.0,12.0,20.0,59,59,41,25,14.0,5.0,40.0,38.0,6.0,10.0,8.0,11.0,2,2
43,2,0,67,10,33,7,0.0,1.0,5.0,15.0,0.0,0.0,10.0,6.0,67,20,33,8,2.0,0.0,24.0,11.0,10.0,5.0,16.0,14.0,4,1
26,1,0,48,24,52,23,3.0,12.0,3.0,12.0,2.0,15.0,9.0,9.5,58,38,42,15,6.0,8.0,6.0,8.0,4.0,7.0,9.0,9.0,1,1
28,1,1,64,50,36,23,13.0,2.0,35.0,29.0,7.0,11.0,17.0,22.0,64,36,36,14,7.0,5.0,36.0,30.5,3.0,9.0,18.0,22.0,4,2
111,4,0,64,12,36,5,0.0,2.0,8.0,4.0,4.0,1.0,13.0,7.0,61,21,39,10,0.0,1.0,26.0,10.0,7.0,6.0,19.0,14.0,3,1
101,1,1,60,58,40,25,11.0,5.0,35.0,29.0,7.0,14.0,22.0,37.0,62,65,38,23,8.0,8.0,36.0,30.5,4.0,11.0,41.0,66.0,4,2
38,1,0,58,63,42,30,9.0,6.0,35.0,29.0,6.0,9.0,18.0,29.0,64,61,36,30,5.0,7.0,36.0,30.5,9.0,22.0,18.0,28.0,4,2
113,4,0,66,11,34,7,1.0,0.0,9.0,29.0,1.0,2.0,9.0,16.0,70,22,30,8,2.0,2.0,11.0,15.0,6.0,10.0,6.0,7.0,2,1
73,2,0,44,33,56,26,9.0,9.0,9.0,9.0,0.0,6.0,9.0,9.5,62,47,38,20,6.0,7.0,6.0,7.0,4.0,13.0,9.0,9.0,1,1
62,1,0,59,24,41,13,0.0,1.0,17.0,22.0,0.0,1.0,10.0,12.0,60,29,40,13,4.0,2.0,19.0,21.0,2.0,4.0,3.0,6.0,2,1
35,1,1,52,27,48,15,4.0,3.0,37.0,30.0,3.0,6.0,13.0,19.0,70,29,30,10,1.0,0.0,7.0,14.0,1.0,6.0,4.0,4.0,2,1
77,2,0,68,92,32,33,21.0,5.0,56.0,31.0,17.0,2.0,40.0,31.0,56,79,44,47,18.0,5.0,51.0,32.0,6.0,1.0,38.0,27.0,3,2
47,1,1,68,57,32,15,7.0,6.0,31.0,22.0,12.0,6.0,30.0,26.0,74,53,26,13,8.0,2.0,28.0,23.0,3.0,2.0,23.0,14.0,3,2
9,1,0,63,62,37,29,5.0,4.0,41.0,44.0,1.0,6.0,19.0,27.0,56,64,44,35,10.0,7.0,46.0,38.0,1.0,3.0,9.0,20.0,2,2
40,1,1,79,31,21,4,0.0,1.0,17.0,19.0,4.0,5.0,6.0,9.0,69,20,31,5,1.0,2.0,12.0,28.0,1.0,2.0,5.0,14.0,1,1
28,1,0,53,24,47,12,4.0,6.0,16.0,37.0,3.0,7.0,7.0,14.0,64,30,36,14,0.0,5.0,23.0,22.0,7.0,12.0,10.0,11.0,2,1
36,1,0,55,42,45,26,2.0,6.0,24.0,31.0,9.0,4.0,17.0,9.0,65,43,35,17,0.0,5.0,43.0,48.0,14.0,5.0,23.0,18.0,3,1
64,2,0,57,17,43,10,0.0,2.0,8.0,18.0,1.0,4.0,1.0,1.0,52,19,48,11,1.0,4.0,23.0,23.0,4.0,6.0,8.0,9.0,2,1
28,3,0,44,17,56,10,1.0,9.0,15.0,29.0,1.0,1.0,7.0,6.0,44,17,56,14,2.0,3.0,16.0,9.0,11.0,5.0,6.0,6.0,4,1
74,2,1,63,62,37,25,24.0,5.0,75.0,42.0,4.0,12.0,33.0,46.0,61,59,39,32,14.0,4.0,44.0,26.0,2.0,7.0,28.0,56.0,2,2
45,1,1,58,64,42,39,3.0,3.0,35.0,29.0,6.0,16.0,17.0,22.0,48,66,52,46,21.0,15.0,36.0,30.5,7.0,18.0,18.0,22.0,4,2
60,1,1,53,19,47,18,0.0,4.0,8.0,20.0,7.0,4.0,6.0,5.0,45,21,55,13,1.0,8.0,13.0,47.0,4.0,1.0,3.0,3.0,4,1
23,1,1,59,38,41,15,14.0,5.0,35.0,29.0,6.0,8.0,5.0,5.0,56,29,44,16,7.0,8.0,36.0,30.5,1.0,3.0,8.0,20.0,4,2
41,1,1,68,57,32,13,6.0,8.0,6.0,8.0,4.0,9.0,17.0,22.0,63,38,37,16,4.0,1.0,4.0,1.0,0.0,8.0,18.0,22.0,1,2
84,2,1,73,57,27,17,0.0,5.0,19.0,30.0,6.0,10.0,14.0,19.0,55,40,45,23,3.0,13.0,50.0,67.0,7.0,17.0,25.0,39.0,1,1
1,1,0,62,77,38,35,18.0,4.0,60.0,28.0,13.0,1.0,27.0,19.0,67,85,33,31,12.0,3.0,57.0,32.0,15.0,2.0,46.0,39.0,3,2
34,1,1,68,67,32,20,18.0,5.0,68.0,33.0,10.0,6.0,44.0,31.0,66,60,34,17,10.0,5.0,38.0,36.0,11.0,2.0,30.0,20.0,3,2
81,2,1,58,47,42,15,6.0,3.0,30.0,30.0,20.0,7.0,59.0,32.0,61,37,39,22,0.0,2.0,36.0,29.0,8.0,5.0,37.0,23.0,3,1
124,6,0,45,13,55,5,2.0,2.0,10.0,14.0,3.0,7.0,4.0,5.0,61,27,39,11,4.0,5.0,35.0,23.0,6.0,10.0,11.0,14.0,1,1
57,1,1,63,26,37,12,5.0,1.0,15.0,23.0,11.0,4.0,5.0,4.0,68,27,32,15,0.0,3.0,15.0,33.0,1.0,1.0,9.0,5.0,4,1
100,3,0,51,34,49,18,6.0,2.0,32.0,37.0,1.0,5.0,5.0,8.0,69,50,31,12,19.0,2.0,43.0,20.0,5.0,13.0,12.0,14.0,2,2
78,2,1,45,22,55,18,9.0,0.0,21.0,14.0,2.0,6.0,4.0,4.0,45,21,55,16,5.0,6.0,19.0,38.0,0.0,0.0,11.0,16.0,1,1
61,1,0,56,80,44,37,21.0,8.0,70.0,72.0,6.0,14.0,35.0,48.0,61,71,39,35,4.0,7.0,52.0,49.0,6.0,15.0,21.0,31.0,2,2
10,1,1,66,22,34,13,0.0,0.0,10.0,19.0,4.0,10.0,1.0,2.0,65,22,35,9,2.0,4.0,14.0,43.0,0.0,1.0,5.0,8.0,1,1
59,1,0,50,48,50,29,11.0,6.0,35.0,29.0,5.0,12.0,10.0,16.0,56,60,44,31,5.0,3.0,36.0,30.5,8.0,12.0,27.0,29.0,4,2
62,1,0,58,33,42,15,1.0,5.0,14.0,39.0,1.0,4.0,11.0,16.0,68,39,32,13,5.0,2.0,31.0,36.0,5.0,17.0,22.0,28.0,1,1
47,1,1,69,33,31,11,12.0,2.0,32.0,13.0,7.0,13.0,4.0,5.0,61,28,39,6,6.0,3.0,23.0,33.0,0.0,0.0,11.0,16.0,1,2
121,5,0,57,31,43,8,2.0,5.0,17.0,18.0,3.0,4.0,6.0,12.0,78,32,22,4,0.0,2.0,25.0,18.0,5.0,11.0,13.0,14.0,2,1
33,1,0,58,30,42,16,0.0,5.0,20.0,26.0,5.0,4.0,20.0,17.0,56,29,44,15,4.0,5.0,32.0,20.0,13.0,6.0,19.0,18.0,3,1
88,2,0,70,12,30,3,1.0,2.0,13.0,28.0,2.0,8.0,4.0,7.0,62,24,38,11,1.0,1.0,13.0,18.0,6.0,7.0,5.0,5.0,2,1
92,3,0,65,11,35,8,0.0,2.0,14.0,18.0,8.0,4.0,28.0,15.0,63,27,37,8,8.0,2.0,29.0,14.0,13.0,7.0,24.0,14.0,3,1
30,1,1,58,33,42,10,1.0,3.0,25.0,28.0,13.0,6.0,20.0,14.0,64,25,36,14,1.0,5.0,30.0,27.0,10.0,5.0,15.0,8.0,3,1
107,3,0,63,99,37,52,15.0,9.0,85.0,43.0,3.0,23.0,14.0,23.0,78,132,22,24,27.0,0.0,92.0,58.0,2.0,13.0,52.0,80.0,2,2
34,1,1,77,32,23,7,0.0,0.0,24.0,17.0,6.0,9.0,3.0,3.0,78,22,22,5,2.0,1.0,15.0,23.0,3.0,3.0,3.0,9.0,2,1
82,2,0,50,15,50,8,2.0,5.0,15.0,27.0,1.0,10.0,3.0,4.0,70,27,30,10,1.0,1.0,27.0,15.0,5.0,5.0,2.0,2.0,1,1
68,1,1,57,27,43,7,6.0,8.0,33.0,30.0,14.0,7.0,19.0,10.0,60,20,40,8,4.0,5.0,10.0,21.0,9.0,3.0,5.0,4.0,4,1
36,1,0,61,41,39,25,5.0,1.0,22.0,17.0,1.0,6.0,10.0,18.0,63,49,37,26,17.0,3.0,65.0,46.0,3.0,7.0,19.0,22.0,2,2
8,1,0,64,26,36,12,3.0,3.0,20.0,39.0,3.0,7.0,5.0,14.0,67,42,33,14,12.0,4.0,32.0,20.0,7.0,10.0,8.0,11.0,1,2
70,2,0,68,64,32,19,8.0,3.0,30.0,43.0,3.0,11.0,26.0,35.0,60,59,40,31,13.0,3.0,46.0,47.0,4.0,5.0,25.0,39.0,1,2
